case_id,predictor,series,run_id,years_from_campaign,value
16,prevalence,run,0,-3.0,0.071037
16,prevalence,run,0,-2.9616,0.066971
16,prevalence,run,0,-2.9233,0.064074
16,prevalence,run,0,-2.8849,0.062782
16,prevalence,run,0,-2.8466,0.064876
16,prevalence,run,0,-2.8082,0.06894
16,prevalence,run,0,-2.7699,0.07215
16,prevalence,run,0,-2.7315,0.076972
16,prevalence,run,0,-2.6932,0.08327
16,prevalence,run,0,-2.6548,0.089485
16,prevalence,run,0,-2.6164,0.098797
16,prevalence,run,0,-2.5781,0.109878
16,prevalence,run,0,-2.5397,0.121057
16,prevalence,run,0,-2.5014,0.131861
16,prevalence,run,0,-2.463,0.14008
16,prevalence,run,0,-2.4247,0.146408
16,prevalence,run,0,-2.3863,0.145555
16,prevalence,run,0,-2.3479,0.141728
16,prevalence,run,0,-2.3096,0.134919
16,prevalence,run,0,-2.2712,0.125926
16,prevalence,run,0,-2.2329,0.116293
16,prevalence,run,0,-2.1945,0.107455
16,prevalence,run,0,-2.1562,0.10089
16,prevalence,run,0,-2.1178,0.094187
16,prevalence,run,0,-2.0795,0.087455
16,prevalence,run,0,-2.0411,0.081086
16,prevalence,run,0,-2.0027,0.07508
16,prevalence,run,0,-1.9644,0.070741
16,prevalence,run,0,-1.926,0.067852
16,prevalence,run,0,-1.8877,0.067125
16,prevalence,run,0,-1.8493,0.068188
16,prevalence,run,0,-1.811,0.071391
16,prevalence,run,0,-1.7726,0.07515
16,prevalence,run,0,-1.7342,0.078636
16,prevalence,run,0,-1.6959,0.084268
16,prevalence,run,0,-1.6575,0.0909
16,prevalence,run,0,-1.6192,0.098948
16,prevalence,run,0,-1.5808,0.110033
16,prevalence,run,0,-1.5425,0.122392
16,prevalence,run,0,-1.5041,0.133328
16,prevalence,run,0,-1.4658,0.142226
16,prevalence,run,0,-1.4274,0.148192
16,prevalence,run,0,-1.389,0.149701
16,prevalence,run,0,-1.3507,0.145671
16,prevalence,run,0,-1.3123,0.138557
16,prevalence,run,0,-1.274,0.129648
16,prevalence,run,0,-1.2356,0.120085
16,prevalence,run,0,-1.1973,0.111209
16,prevalence,run,0,-1.1589,0.10339
16,prevalence,run,0,-1.1205,0.096778
16,prevalence,run,0,-1.0822,0.090726
16,prevalence,run,0,-1.0438,0.084182
16,prevalence,run,0,-1.0055,0.077819
16,prevalence,run,0,-0.9671,0.072685
16,prevalence,run,0,-0.9288,0.070236
16,prevalence,run,0,-0.8904,0.070418
16,prevalence,run,0,-0.8521,0.072058
16,prevalence,run,0,-0.8137,0.073913
16,prevalence,run,0,-0.7753,0.077137
16,prevalence,run,0,-0.737,0.081847
16,prevalence,run,0,-0.6986,0.086276
16,prevalence,run,0,-0.6603,0.093117
16,prevalence,run,0,-0.6219,0.102613
16,prevalence,run,0,-0.5836,0.115752
16,prevalence,run,0,-0.5452,0.129814
16,prevalence,run,0,-0.5068,0.142169
16,prevalence,run,0,-0.4685,0.151803
16,prevalence,run,0,-0.4301,0.15865
16,prevalence,run,0,-0.3918,0.159722
16,prevalence,run,0,-0.3534,0.155907
16,prevalence,run,0,-0.3151,0.148404
16,prevalence,run,0,-0.2767,0.139067
16,prevalence,run,0,-0.2384,0.12825
16,prevalence,run,0,-0.2,0.117683
16,prevalence,run,0,-0.1616,0.109463
16,prevalence,run,0,-0.1233,0.101409
16,prevalence,run,0,-0.0849,0.09362
16,prevalence,run,0,-0.0466,0.086313
16,prevalence,run,0,-0.0082,0.079776
16,prevalence,run,0,0.0301,0.075578
16,prevalence,run,0,0.0685,0.072275
16,prevalence,run,0,0.1068,0.071027
16,prevalence,run,0,0.1452,0.070477
16,prevalence,run,0,0.1836,0.071247
16,prevalence,run,0,0.2219,0.071043
16,prevalence,run,0,0.2603,0.072639
16,prevalence,run,0,0.2986,0.074862
16,prevalence,run,0,0.337,0.078392
16,prevalence,run,0,0.3753,0.083114
16,prevalence,run,0,0.4137,0.089826
16,prevalence,run,0,0.4521,0.097876
16,prevalence,run,0,0.4904,0.105749
16,prevalence,run,0,0.5288,0.115078
16,prevalence,run,0,0.5671,0.121015
16,prevalence,run,0,0.6055,0.122323
16,prevalence,run,0,0.6438,0.120542
16,prevalence,run,0,0.6822,0.11298
16,prevalence,run,0,0.7205,0.104556
16,prevalence,run,0,0.7589,0.096183
16,prevalence,run,0,0.7973,0.088582
16,prevalence,run,0,0.8356,0.081173
16,prevalence,run,0,0.874,0.07581
16,prevalence,run,0,0.9123,0.070734
16,prevalence,run,0,0.9507,0.064808
16,prevalence,run,0,0.989,0.060228
16,prevalence,run,0,1.0274,0.055564
16,prevalence,run,0,1.0658,0.053737
16,prevalence,run,0,1.1041,0.053478
16,prevalence,run,0,1.1425,0.054997
16,prevalence,run,0,1.1808,0.056864
16,prevalence,run,0,1.2192,0.060002
16,prevalence,run,0,1.2575,0.063327
16,prevalence,run,0,1.2959,0.067614
16,prevalence,run,0,1.3342,0.073013
16,prevalence,run,0,1.3726,0.081083
16,prevalence,run,0,1.411,0.089874
16,prevalence,run,0,1.4493,0.100729
16,prevalence,run,0,1.4877,0.111484
16,prevalence,run,0,1.526,0.121045
16,prevalence,run,0,1.5644,0.127702
16,prevalence,run,0,1.6027,0.131283
16,prevalence,run,0,1.6411,0.129361
16,prevalence,run,0,1.6795,0.124559
16,prevalence,run,0,1.7178,0.116363
16,prevalence,run,0,1.7562,0.108539
16,prevalence,run,0,1.7945,0.100431
16,prevalence,run,0,1.8329,0.092488
16,prevalence,run,0,1.8712,0.085921
16,prevalence,run,0,1.9096,0.07918
16,prevalence,run,0,1.9479,0.072854
16,prevalence,run,0,1.9863,0.067686
16,prevalence,run,0,2.0247,0.062956
16,prevalence,run,0,2.063,0.060446
16,prevalence,run,0,2.1014,0.059929
16,prevalence,run,0,2.1397,0.061886
16,prevalence,run,0,2.1781,0.065293
16,prevalence,run,0,2.2164,0.068106
16,prevalence,run,0,2.2548,0.071055
16,prevalence,run,0,2.2932,0.074896
16,prevalence,run,0,2.3315,0.081157
16,prevalence,run,0,2.3699,0.088384
16,prevalence,run,0,2.4082,0.09756
16,prevalence,run,0,2.4466,0.108919
16,prevalence,run,0,2.4849,0.122312
16,prevalence,run,0,2.5233,0.132946
16,prevalence,run,0,2.5616,0.140886
16,prevalence,run,0,2.6,0.143801
16,prevalence,run,0,2.6384,0.143627
16,prevalence,run,0,2.6767,0.137931
16,prevalence,run,0,2.7151,0.128376
16,prevalence,run,0,2.7534,0.11845
16,prevalence,run,0,2.7918,0.109393
16,prevalence,run,0,2.8301,0.10151
16,prevalence,run,0,2.8685,0.093823
16,prevalence,run,0,2.9068,0.08613
16,prevalence,run,0,2.9452,0.078512
16,prevalence,run,0,2.9836,0.073869
16,prevalence,run,1,-3.0,0.077183
16,prevalence,run,1,-2.9616,0.072821
16,prevalence,run,1,-2.9233,0.070573
16,prevalence,run,1,-2.8849,0.070078
16,prevalence,run,1,-2.8466,0.071461
16,prevalence,run,1,-2.8082,0.074718
16,prevalence,run,1,-2.7699,0.078638
16,prevalence,run,1,-2.7315,0.082512
16,prevalence,run,1,-2.6932,0.085223
16,prevalence,run,1,-2.6548,0.090419
16,prevalence,run,1,-2.6164,0.098891
16,prevalence,run,1,-2.5781,0.109493
16,prevalence,run,1,-2.5397,0.12254
16,prevalence,run,1,-2.5014,0.135066
16,prevalence,run,1,-2.463,0.14529
16,prevalence,run,1,-2.4247,0.149673
16,prevalence,run,1,-2.3863,0.149857
16,prevalence,run,1,-2.3479,0.145198
16,prevalence,run,1,-2.3096,0.137441
16,prevalence,run,1,-2.2712,0.127355
16,prevalence,run,1,-2.2329,0.116315
16,prevalence,run,1,-2.1945,0.108099
16,prevalence,run,1,-2.1562,0.10033
16,prevalence,run,1,-2.1178,0.092515
16,prevalence,run,1,-2.0795,0.085875
16,prevalence,run,1,-2.0411,0.078666
16,prevalence,run,1,-2.0027,0.072108
16,prevalence,run,1,-1.9644,0.06835
16,prevalence,run,1,-1.926,0.067004
16,prevalence,run,1,-1.8877,0.067235
16,prevalence,run,1,-1.8493,0.068577
16,prevalence,run,1,-1.811,0.071913
16,prevalence,run,1,-1.7726,0.075324
16,prevalence,run,1,-1.7342,0.079859
16,prevalence,run,1,-1.6959,0.083867
16,prevalence,run,1,-1.6575,0.089708
16,prevalence,run,1,-1.6192,0.099205
16,prevalence,run,1,-1.5808,0.111435
16,prevalence,run,1,-1.5425,0.124351
16,prevalence,run,1,-1.5041,0.13771
16,prevalence,run,1,-1.4658,0.147867
16,prevalence,run,1,-1.4274,0.155594
16,prevalence,run,1,-1.389,0.155249
16,prevalence,run,1,-1.3507,0.151814
16,prevalence,run,1,-1.3123,0.144212
16,prevalence,run,1,-1.274,0.13469
16,prevalence,run,1,-1.2356,0.124032
16,prevalence,run,1,-1.1973,0.115193
16,prevalence,run,1,-1.1589,0.106696
16,prevalence,run,1,-1.1205,0.098669
16,prevalence,run,1,-1.0822,0.09105
16,prevalence,run,1,-1.0438,0.083807
16,prevalence,run,1,-1.0055,0.077541
16,prevalence,run,1,-0.9671,0.073748
16,prevalence,run,1,-0.9288,0.070645
16,prevalence,run,1,-0.8904,0.06974
16,prevalence,run,1,-0.8521,0.070926
16,prevalence,run,1,-0.8137,0.074444
16,prevalence,run,1,-0.7753,0.077498
16,prevalence,run,1,-0.737,0.082111
16,prevalence,run,1,-0.6986,0.087662
16,prevalence,run,1,-0.6603,0.094612
16,prevalence,run,1,-0.6219,0.104193
16,prevalence,run,1,-0.5836,0.116006
16,prevalence,run,1,-0.5452,0.128386
16,prevalence,run,1,-0.5068,0.142788
16,prevalence,run,1,-0.4685,0.154008
16,prevalence,run,1,-0.4301,0.158594
16,prevalence,run,1,-0.3918,0.159271
16,prevalence,run,1,-0.3534,0.153172
16,prevalence,run,1,-0.3151,0.144669
16,prevalence,run,1,-0.2767,0.133902
16,prevalence,run,1,-0.2384,0.122501
16,prevalence,run,1,-0.2,0.113026
16,prevalence,run,1,-0.1616,0.105138
16,prevalence,run,1,-0.1233,0.097942
16,prevalence,run,1,-0.0849,0.089924
16,prevalence,run,1,-0.0466,0.083326
16,prevalence,run,1,-0.0082,0.077188
16,prevalence,run,1,0.0301,0.072043
16,prevalence,run,1,0.0685,0.069003
16,prevalence,run,1,0.1068,0.066785
16,prevalence,run,1,0.1452,0.06578
16,prevalence,run,1,0.1836,0.065998
16,prevalence,run,1,0.2219,0.067055
16,prevalence,run,1,0.2603,0.06912
16,prevalence,run,1,0.2986,0.0716
16,prevalence,run,1,0.337,0.074816
16,prevalence,run,1,0.3753,0.080433
16,prevalence,run,1,0.4137,0.08801
16,prevalence,run,1,0.4521,0.096253
16,prevalence,run,1,0.4904,0.105186
16,prevalence,run,1,0.5288,0.112763
16,prevalence,run,1,0.5671,0.118441
16,prevalence,run,1,0.6055,0.119404
16,prevalence,run,1,0.6438,0.116087
16,prevalence,run,1,0.6822,0.10962
16,prevalence,run,1,0.7205,0.101776
16,prevalence,run,1,0.7589,0.093816
16,prevalence,run,1,0.7973,0.086151
16,prevalence,run,1,0.8356,0.079704
16,prevalence,run,1,0.874,0.073921
16,prevalence,run,1,0.9123,0.068543
16,prevalence,run,1,0.9507,0.06334
16,prevalence,run,1,0.989,0.058827
16,prevalence,run,1,1.0274,0.054945
16,prevalence,run,1,1.0658,0.052841
16,prevalence,run,1,1.1041,0.051639
16,prevalence,run,1,1.1425,0.051956
16,prevalence,run,1,1.1808,0.054879
16,prevalence,run,1,1.2192,0.058501
16,prevalence,run,1,1.2575,0.061677
16,prevalence,run,1,1.2959,0.066395
16,prevalence,run,1,1.3342,0.072449
16,prevalence,run,1,1.3726,0.081268
16,prevalence,run,1,1.411,0.090931
16,prevalence,run,1,1.4493,0.102211
16,prevalence,run,1,1.4877,0.11424
16,prevalence,run,1,1.526,0.124115
16,prevalence,run,1,1.5644,0.131336
16,prevalence,run,1,1.6027,0.134442
16,prevalence,run,1,1.6411,0.131976
16,prevalence,run,1,1.6795,0.126196
16,prevalence,run,1,1.7178,0.117166
16,prevalence,run,1,1.7562,0.108065
16,prevalence,run,1,1.7945,0.100078
16,prevalence,run,1,1.8329,0.091921
16,prevalence,run,1,1.8712,0.084962
16,prevalence,run,1,1.9096,0.079468
16,prevalence,run,1,1.9479,0.073497
16,prevalence,run,1,1.9863,0.067984
16,prevalence,run,1,2.0247,0.063319
16,prevalence,run,1,2.063,0.062427
16,prevalence,run,1,2.1014,0.061386
16,prevalence,run,1,2.1397,0.062561
16,prevalence,run,1,2.1781,0.065499
16,prevalence,run,1,2.2164,0.069522
16,prevalence,run,1,2.2548,0.072615
16,prevalence,run,1,2.2932,0.078316
16,prevalence,run,1,2.3315,0.085597
16,prevalence,run,1,2.3699,0.092113
16,prevalence,run,1,2.4082,0.102814
16,prevalence,run,1,2.4466,0.116051
16,prevalence,run,1,2.4849,0.129403
16,prevalence,run,1,2.5233,0.13972
16,prevalence,run,1,2.5616,0.148127
16,prevalence,run,1,2.6,0.150572
16,prevalence,run,1,2.6384,0.148278
16,prevalence,run,1,2.6767,0.141624
16,prevalence,run,1,2.7151,0.132988
16,prevalence,run,1,2.7534,0.123028
16,prevalence,run,1,2.7918,0.112675
16,prevalence,run,1,2.8301,0.10441
16,prevalence,run,1,2.8685,0.096997
16,prevalence,run,1,2.9068,0.090014
16,prevalence,run,1,2.9452,0.083082
16,prevalence,run,1,2.9836,0.077544
16,prevalence,run,2,-3.0,0.077807
16,prevalence,run,2,-2.9616,0.073384
16,prevalence,run,2,-2.9233,0.070748
16,prevalence,run,2,-2.8849,0.069767
16,prevalence,run,2,-2.8466,0.071289
16,prevalence,run,2,-2.8082,0.07448
16,prevalence,run,2,-2.7699,0.077351
16,prevalence,run,2,-2.7315,0.082039
16,prevalence,run,2,-2.6932,0.085973
16,prevalence,run,2,-2.6548,0.092452
16,prevalence,run,2,-2.6164,0.101829
16,prevalence,run,2,-2.5781,0.112008
16,prevalence,run,2,-2.5397,0.12246
16,prevalence,run,2,-2.5014,0.133297
16,prevalence,run,2,-2.463,0.145278
16,prevalence,run,2,-2.4247,0.151377
16,prevalence,run,2,-2.3863,0.15063
16,prevalence,run,2,-2.3479,0.145992
16,prevalence,run,2,-2.3096,0.138653
16,prevalence,run,2,-2.2712,0.128665
16,prevalence,run,2,-2.2329,0.119351
16,prevalence,run,2,-2.1945,0.110776
16,prevalence,run,2,-2.1562,0.102728
16,prevalence,run,2,-2.1178,0.095477
16,prevalence,run,2,-2.0795,0.088271
16,prevalence,run,2,-2.0411,0.081429
16,prevalence,run,2,-2.0027,0.075272
16,prevalence,run,2,-1.9644,0.070667
16,prevalence,run,2,-1.926,0.068246
16,prevalence,run,2,-1.8877,0.067931
16,prevalence,run,2,-1.8493,0.070081
16,prevalence,run,2,-1.811,0.072521
16,prevalence,run,2,-1.7726,0.075834
16,prevalence,run,2,-1.7342,0.080202
16,prevalence,run,2,-1.6959,0.085172
16,prevalence,run,2,-1.6575,0.091092
16,prevalence,run,2,-1.6192,0.099367
16,prevalence,run,2,-1.5808,0.111902
16,prevalence,run,2,-1.5425,0.124555
16,prevalence,run,2,-1.5041,0.136452
16,prevalence,run,2,-1.4658,0.14595
16,prevalence,run,2,-1.4274,0.150798
16,prevalence,run,2,-1.389,0.151121
16,prevalence,run,2,-1.3507,0.14703
16,prevalence,run,2,-1.3123,0.140305
16,prevalence,run,2,-1.274,0.130559
16,prevalence,run,2,-1.2356,0.120931
16,prevalence,run,2,-1.1973,0.11129
16,prevalence,run,2,-1.1589,0.102443
16,prevalence,run,2,-1.1205,0.094213
16,prevalence,run,2,-1.0822,0.086775
16,prevalence,run,2,-1.0438,0.079368
16,prevalence,run,2,-1.0055,0.073111
16,prevalence,run,2,-0.9671,0.0688
16,prevalence,run,2,-0.9288,0.066597
16,prevalence,run,2,-0.8904,0.067361
16,prevalence,run,2,-0.8521,0.068886
16,prevalence,run,2,-0.8137,0.071793
16,prevalence,run,2,-0.7753,0.076329
16,prevalence,run,2,-0.737,0.081357
16,prevalence,run,2,-0.6986,0.086576
16,prevalence,run,2,-0.6603,0.094232
16,prevalence,run,2,-0.6219,0.102675
16,prevalence,run,2,-0.5836,0.112889
16,prevalence,run,2,-0.5452,0.125456
16,prevalence,run,2,-0.5068,0.136813
16,prevalence,run,2,-0.4685,0.146403
16,prevalence,run,2,-0.4301,0.152205
16,prevalence,run,2,-0.3918,0.155115
16,prevalence,run,2,-0.3534,0.15274
16,prevalence,run,2,-0.3151,0.144615
16,prevalence,run,2,-0.2767,0.134249
16,prevalence,run,2,-0.2384,0.124852
16,prevalence,run,2,-0.2,0.115172
16,prevalence,run,2,-0.1616,0.106686
16,prevalence,run,2,-0.1233,0.09779
16,prevalence,run,2,-0.0849,0.090711
16,prevalence,run,2,-0.0466,0.083401
16,prevalence,run,2,-0.0082,0.077354
16,prevalence,run,2,0.0301,0.072978
16,prevalence,run,2,0.0685,0.070074
16,prevalence,run,2,0.1068,0.068216
16,prevalence,run,2,0.1452,0.067688
16,prevalence,run,2,0.1836,0.06811
16,prevalence,run,2,0.2219,0.070246
16,prevalence,run,2,0.2603,0.071716
16,prevalence,run,2,0.2986,0.073219
16,prevalence,run,2,0.337,0.076609
16,prevalence,run,2,0.3753,0.081106
16,prevalence,run,2,0.4137,0.087662
16,prevalence,run,2,0.4521,0.095418
16,prevalence,run,2,0.4904,0.102768
16,prevalence,run,2,0.5288,0.109853
16,prevalence,run,2,0.5671,0.1134
16,prevalence,run,2,0.6055,0.114204
16,prevalence,run,2,0.6438,0.11163
16,prevalence,run,2,0.6822,0.10572
16,prevalence,run,2,0.7205,0.097537
16,prevalence,run,2,0.7589,0.090504
16,prevalence,run,2,0.7973,0.083987
16,prevalence,run,2,0.8356,0.077438
16,prevalence,run,2,0.874,0.071634
16,prevalence,run,2,0.9123,0.06596
16,prevalence,run,2,0.9507,0.060015
16,prevalence,run,2,0.989,0.054867
16,prevalence,run,2,1.0274,0.051319
16,prevalence,run,2,1.0658,0.048898
16,prevalence,run,2,1.1041,0.049122
16,prevalence,run,2,1.1425,0.050662
16,prevalence,run,2,1.1808,0.052815
16,prevalence,run,2,1.2192,0.054653
16,prevalence,run,2,1.2575,0.057753
16,prevalence,run,2,1.2959,0.060995
16,prevalence,run,2,1.3342,0.066567
16,prevalence,run,2,1.3726,0.07455
16,prevalence,run,2,1.411,0.084329
16,prevalence,run,2,1.4493,0.096415
16,prevalence,run,2,1.4877,0.106848
16,prevalence,run,2,1.526,0.116012
16,prevalence,run,2,1.5644,0.123085
16,prevalence,run,2,1.6027,0.127863
16,prevalence,run,2,1.6411,0.126147
16,prevalence,run,2,1.6795,0.1199
16,prevalence,run,2,1.7178,0.112209
16,prevalence,run,2,1.7562,0.103618
16,prevalence,run,2,1.7945,0.095526
16,prevalence,run,2,1.8329,0.087827
16,prevalence,run,2,1.8712,0.081093
16,prevalence,run,2,1.9096,0.074747
16,prevalence,run,2,1.9479,0.068548
16,prevalence,run,2,1.9863,0.063995
16,prevalence,run,2,2.0247,0.05987
16,prevalence,run,2,2.063,0.057635
16,prevalence,run,2,2.1014,0.05704
16,prevalence,run,2,2.1397,0.058687
16,prevalence,run,2,2.1781,0.062423
16,prevalence,run,2,2.2164,0.066055
16,prevalence,run,2,2.2548,0.070277
16,prevalence,run,2,2.2932,0.074602
16,prevalence,run,2,2.3315,0.080871
16,prevalence,run,2,2.3699,0.089968
16,prevalence,run,2,2.4082,0.100403
16,prevalence,run,2,2.4466,0.111786
16,prevalence,run,2,2.4849,0.123854
16,prevalence,run,2,2.5233,0.13714
16,prevalence,run,2,2.5616,0.144775
16,prevalence,run,2,2.6,0.146508
16,prevalence,run,2,2.6384,0.144497
16,prevalence,run,2,2.6767,0.137823
16,prevalence,run,2,2.7151,0.128825
16,prevalence,run,2,2.7534,0.119585
16,prevalence,run,2,2.7918,0.110102
16,prevalence,run,2,2.8301,0.101736
16,prevalence,run,2,2.8685,0.095273
16,prevalence,run,2,2.9068,0.089198
16,prevalence,run,2,2.9452,0.082969
16,prevalence,run,2,2.9836,0.078462
16,prevalence,run,3,-3.0,0.076729
16,prevalence,run,3,-2.9616,0.07271
16,prevalence,run,3,-2.9233,0.069943
16,prevalence,run,3,-2.8849,0.069568
16,prevalence,run,3,-2.8466,0.071571
16,prevalence,run,3,-2.8082,0.074142
16,prevalence,run,3,-2.7699,0.077204
16,prevalence,run,3,-2.7315,0.08149
16,prevalence,run,3,-2.6932,0.086256
16,prevalence,run,3,-2.6548,0.092935
16,prevalence,run,3,-2.6164,0.101878
16,prevalence,run,3,-2.5781,0.111776
16,prevalence,run,3,-2.5397,0.124096
16,prevalence,run,3,-2.5014,0.135643
16,prevalence,run,3,-2.463,0.146062
16,prevalence,run,3,-2.4247,0.151767
16,prevalence,run,3,-2.3863,0.151813
16,prevalence,run,3,-2.3479,0.146456
16,prevalence,run,3,-2.3096,0.137497
16,prevalence,run,3,-2.2712,0.127021
16,prevalence,run,3,-2.2329,0.117319
16,prevalence,run,3,-2.1945,0.10859
16,prevalence,run,3,-2.1562,0.100487
16,prevalence,run,3,-2.1178,0.092961
16,prevalence,run,3,-2.0795,0.086428
16,prevalence,run,3,-2.0411,0.079821
16,prevalence,run,3,-2.0027,0.073756
16,prevalence,run,3,-1.9644,0.069128
16,prevalence,run,3,-1.926,0.067438
16,prevalence,run,3,-1.8877,0.067613
16,prevalence,run,3,-1.8493,0.069573
16,prevalence,run,3,-1.811,0.072256
16,prevalence,run,3,-1.7726,0.074629
16,prevalence,run,3,-1.7342,0.07828
16,prevalence,run,3,-1.6959,0.083013
16,prevalence,run,3,-1.6575,0.090046
16,prevalence,run,3,-1.6192,0.09913
16,prevalence,run,3,-1.5808,0.109211
16,prevalence,run,3,-1.5425,0.121893
16,prevalence,run,3,-1.5041,0.132565
16,prevalence,run,3,-1.4658,0.143229
16,prevalence,run,3,-1.4274,0.149534
16,prevalence,run,3,-1.389,0.150628
16,prevalence,run,3,-1.3507,0.146213
16,prevalence,run,3,-1.3123,0.138784
16,prevalence,run,3,-1.274,0.12882
16,prevalence,run,3,-1.2356,0.119239
16,prevalence,run,3,-1.1973,0.110219
16,prevalence,run,3,-1.1589,0.102268
16,prevalence,run,3,-1.1205,0.095311
16,prevalence,run,3,-1.0822,0.087823
16,prevalence,run,3,-1.0438,0.080666
16,prevalence,run,3,-1.0055,0.075265
16,prevalence,run,3,-0.9671,0.071339
16,prevalence,run,3,-0.9288,0.069525
16,prevalence,run,3,-0.8904,0.068977
16,prevalence,run,3,-0.8521,0.070164
16,prevalence,run,3,-0.8137,0.072495
16,prevalence,run,3,-0.7753,0.076154
16,prevalence,run,3,-0.737,0.081008
16,prevalence,run,3,-0.6986,0.085695
16,prevalence,run,3,-0.6603,0.092639
16,prevalence,run,3,-0.6219,0.100363
16,prevalence,run,3,-0.5836,0.109466
16,prevalence,run,3,-0.5452,0.121028
16,prevalence,run,3,-0.5068,0.132532
16,prevalence,run,3,-0.4685,0.143287
16,prevalence,run,3,-0.4301,0.152035
16,prevalence,run,3,-0.3918,0.15286
16,prevalence,run,3,-0.3534,0.149466
16,prevalence,run,3,-0.3151,0.142027
16,prevalence,run,3,-0.2767,0.131942
16,prevalence,run,3,-0.2384,0.121703
16,prevalence,run,3,-0.2,0.11221
16,prevalence,run,3,-0.1616,0.103953
16,prevalence,run,3,-0.1233,0.095616
16,prevalence,run,3,-0.0849,0.08896
16,prevalence,run,3,-0.0466,0.081359
16,prevalence,run,3,-0.0082,0.074692
16,prevalence,run,3,0.0301,0.069912
16,prevalence,run,3,0.0685,0.067399
16,prevalence,run,3,0.1068,0.065877
16,prevalence,run,3,0.1452,0.065712
16,prevalence,run,3,0.1836,0.065428
16,prevalence,run,3,0.2219,0.067839
16,prevalence,run,3,0.2603,0.068999
16,prevalence,run,3,0.2986,0.069713
16,prevalence,run,3,0.337,0.072984
16,prevalence,run,3,0.3753,0.078762
16,prevalence,run,3,0.4137,0.085451
16,prevalence,run,3,0.4521,0.093713
16,prevalence,run,3,0.4904,0.102727
16,prevalence,run,3,0.5288,0.109791
16,prevalence,run,3,0.5671,0.114656
16,prevalence,run,3,0.6055,0.115944
16,prevalence,run,3,0.6438,0.11278
16,prevalence,run,3,0.6822,0.107057
16,prevalence,run,3,0.7205,0.099385
16,prevalence,run,3,0.7589,0.091971
16,prevalence,run,3,0.7973,0.085273
16,prevalence,run,3,0.8356,0.079376
16,prevalence,run,3,0.874,0.073884
16,prevalence,run,3,0.9123,0.068372
16,prevalence,run,3,0.9507,0.062414
16,prevalence,run,3,0.989,0.057245
16,prevalence,run,3,1.0274,0.052609
16,prevalence,run,3,1.0658,0.049878
16,prevalence,run,3,1.1041,0.048936
16,prevalence,run,3,1.1425,0.050024
16,prevalence,run,3,1.1808,0.052133
16,prevalence,run,3,1.2192,0.054959
16,prevalence,run,3,1.2575,0.058302
16,prevalence,run,3,1.2959,0.063009
16,prevalence,run,3,1.3342,0.069471
16,prevalence,run,3,1.3726,0.079256
16,prevalence,run,3,1.411,0.088438
16,prevalence,run,3,1.4493,0.100666
16,prevalence,run,3,1.4877,0.111996
16,prevalence,run,3,1.526,0.121547
16,prevalence,run,3,1.5644,0.128885
16,prevalence,run,3,1.6027,0.131353
16,prevalence,run,3,1.6411,0.128731
16,prevalence,run,3,1.6795,0.12247
16,prevalence,run,3,1.7178,0.112877
16,prevalence,run,3,1.7562,0.104263
16,prevalence,run,3,1.7945,0.096624
16,prevalence,run,3,1.8329,0.089868
16,prevalence,run,3,1.8712,0.083216
16,prevalence,run,3,1.9096,0.076968
16,prevalence,run,3,1.9479,0.071619
16,prevalence,run,3,1.9863,0.066568
16,prevalence,run,3,2.0247,0.062461
16,prevalence,run,3,2.063,0.060178
16,prevalence,run,3,2.1014,0.059867
16,prevalence,run,3,2.1397,0.061396
16,prevalence,run,3,2.1781,0.063279
16,prevalence,run,3,2.2164,0.066319
16,prevalence,run,3,2.2548,0.070574
16,prevalence,run,3,2.2932,0.07556
16,prevalence,run,3,2.3315,0.081876
16,prevalence,run,3,2.3699,0.090338
16,prevalence,run,3,2.4082,0.100898
16,prevalence,run,3,2.4466,0.114248
16,prevalence,run,3,2.4849,0.127876
16,prevalence,run,3,2.5233,0.138608
16,prevalence,run,3,2.5616,0.145466
16,prevalence,run,3,2.6,0.148801
16,prevalence,run,3,2.6384,0.146849
16,prevalence,run,3,2.6767,0.140079
16,prevalence,run,3,2.7151,0.130376
16,prevalence,run,3,2.7534,0.120642
16,prevalence,run,3,2.7918,0.111678
16,prevalence,run,3,2.8301,0.103352
16,prevalence,run,3,2.8685,0.096228
16,prevalence,run,3,2.9068,0.089427
16,prevalence,run,3,2.9452,0.082248
16,prevalence,run,3,2.9836,0.077759
16,prevalence,malariasim,,-3.0,0.075689
16,prevalence,malariasim,,-2.9616,0.071472
16,prevalence,malariasim,,-2.9233,0.068834
16,prevalence,malariasim,,-2.8849,0.068049
16,prevalence,malariasim,,-2.8466,0.069799
16,prevalence,malariasim,,-2.8082,0.07307
16,prevalence,malariasim,,-2.7699,0.076336
16,prevalence,malariasim,,-2.7315,0.080753
16,prevalence,malariasim,,-2.6932,0.085181
16,prevalence,malariasim,,-2.6548,0.091323
16,prevalence,malariasim,,-2.6164,0.100349
16,prevalence,malariasim,,-2.5781,0.110789
16,prevalence,malariasim,,-2.5397,0.122539
16,prevalence,malariasim,,-2.5014,0.133967
16,prevalence,malariasim,,-2.463,0.144177
16,prevalence,malariasim,,-2.4247,0.149806
16,prevalence,malariasim,,-2.3863,0.149464
16,prevalence,malariasim,,-2.3479,0.144844
16,prevalence,malariasim,,-2.3096,0.137128
16,prevalence,malariasim,,-2.2712,0.127242
16,prevalence,malariasim,,-2.2329,0.117319
16,prevalence,malariasim,,-2.1945,0.10873
16,prevalence,malariasim,,-2.1562,0.101109
16,prevalence,malariasim,,-2.1178,0.093785
16,prevalence,malariasim,,-2.0795,0.087007
16,prevalence,malariasim,,-2.0411,0.080251
16,prevalence,malariasim,,-2.0027,0.074054
16,prevalence,malariasim,,-1.9644,0.069722
16,prevalence,malariasim,,-1.926,0.067635
16,prevalence,malariasim,,-1.8877,0.067476
16,prevalence,malariasim,,-1.8493,0.069105
16,prevalence,malariasim,,-1.811,0.07202
16,prevalence,malariasim,,-1.7726,0.075234
16,prevalence,malariasim,,-1.7342,0.079244
16,prevalence,malariasim,,-1.6959,0.08408
16,prevalence,malariasim,,-1.6575,0.090436
16,prevalence,malariasim,,-1.6192,0.099163
16,prevalence,malariasim,,-1.5808,0.110645
16,prevalence,malariasim,,-1.5425,0.123298
16,prevalence,malariasim,,-1.5041,0.135014
16,prevalence,malariasim,,-1.4658,0.144818
16,prevalence,malariasim,,-1.4274,0.151029
16,prevalence,malariasim,,-1.389,0.151675
16,prevalence,malariasim,,-1.3507,0.147682
16,prevalence,malariasim,,-1.3123,0.140464
16,prevalence,malariasim,,-1.274,0.130929
16,prevalence,malariasim,,-1.2356,0.121072
16,prevalence,malariasim,,-1.1973,0.111978
16,prevalence,malariasim,,-1.1589,0.103699
16,prevalence,malariasim,,-1.1205,0.096242
16,prevalence,malariasim,,-1.0822,0.089093
16,prevalence,malariasim,,-1.0438,0.082006
16,prevalence,malariasim,,-1.0055,0.075934
16,prevalence,malariasim,,-0.9671,0.071643
16,prevalence,malariasim,,-0.9288,0.069251
16,prevalence,malariasim,,-0.8904,0.069124
16,prevalence,malariasim,,-0.8521,0.070509
16,prevalence,malariasim,,-0.8137,0.073161
16,prevalence,malariasim,,-0.7753,0.07678
16,prevalence,malariasim,,-0.737,0.081581
16,prevalence,malariasim,,-0.6986,0.086552
16,prevalence,malariasim,,-0.6603,0.09365
16,prevalence,malariasim,,-0.6219,0.102461
16,prevalence,malariasim,,-0.5836,0.113528
16,prevalence,malariasim,,-0.5452,0.126171
16,prevalence,malariasim,,-0.5068,0.138576
16,prevalence,malariasim,,-0.4685,0.148875
16,prevalence,malariasim,,-0.4301,0.155371
16,prevalence,malariasim,,-0.3918,0.156742
16,prevalence,malariasim,,-0.3534,0.152822
16,prevalence,malariasim,,-0.3151,0.144929
16,prevalence,malariasim,,-0.2767,0.13479
16,prevalence,malariasim,,-0.2384,0.124326
16,prevalence,malariasim,,-0.2,0.114523
16,prevalence,malariasim,,-0.1616,0.10631
16,prevalence,malariasim,,-0.1233,0.098189
16,prevalence,malariasim,,-0.0849,0.090804
16,prevalence,malariasim,,-0.0466,0.0836
16,prevalence,malariasim,,-0.0082,0.077253
16,prevalence,malariasim,,0.0301,0.072628
16,prevalence,malariasim,,0.0685,0.069688
16,prevalence,malariasim,,0.1068,0.067976
16,prevalence,malariasim,,0.1452,0.067414
16,prevalence,malariasim,,0.1836,0.067695
16,prevalence,malariasim,,0.2219,0.069046
16,prevalence,malariasim,,0.2603,0.070618
16,prevalence,malariasim,,0.2986,0.072349
16,prevalence,malariasim,,0.337,0.0757
16,prevalence,malariasim,,0.3753,0.080854
16,prevalence,malariasim,,0.4137,0.087737
16,prevalence,malariasim,,0.4521,0.095815
16,prevalence,malariasim,,0.4904,0.104107
16,prevalence,malariasim,,0.5288,0.111872
16,prevalence,malariasim,,0.5671,0.116878
16,prevalence,malariasim,,0.6055,0.117969
16,prevalence,malariasim,,0.6438,0.11526
16,prevalence,malariasim,,0.6822,0.108844
16,prevalence,malariasim,,0.7205,0.100814
16,prevalence,malariasim,,0.7589,0.093118
16,prevalence,malariasim,,0.7973,0.085998
16,prevalence,malariasim,,0.8356,0.079423
16,prevalence,malariasim,,0.874,0.073812
16,prevalence,malariasim,,0.9123,0.068402
16,prevalence,malariasim,,0.9507,0.062644
16,prevalence,malariasim,,0.989,0.057792
16,prevalence,malariasim,,1.0274,0.053609
16,prevalence,malariasim,,1.0658,0.051339
16,prevalence,malariasim,,1.1041,0.050794
16,prevalence,malariasim,,1.1425,0.05191
16,prevalence,malariasim,,1.1808,0.054173
16,prevalence,malariasim,,1.2192,0.057029
16,prevalence,malariasim,,1.2575,0.060265
16,prevalence,malariasim,,1.2959,0.064503
16,prevalence,malariasim,,1.3342,0.070375
16,prevalence,malariasim,,1.3726,0.079039
16,prevalence,malariasim,,1.411,0.088393
16,prevalence,malariasim,,1.4493,0.100005
16,prevalence,malariasim,,1.4877,0.111142
16,prevalence,malariasim,,1.526,0.12068
16,prevalence,malariasim,,1.5644,0.127752
16,prevalence,malariasim,,1.6027,0.131235
16,prevalence,malariasim,,1.6411,0.129054
16,prevalence,malariasim,,1.6795,0.123281
16,prevalence,malariasim,,1.7178,0.114654
16,prevalence,malariasim,,1.7562,0.106121
16,prevalence,malariasim,,1.7945,0.098165
16,prevalence,malariasim,,1.8329,0.090526
16,prevalence,malariasim,,1.8712,0.083798
16,prevalence,malariasim,,1.9096,0.077591
16,prevalence,malariasim,,1.9479,0.07163
16,prevalence,malariasim,,1.9863,0.066558
16,prevalence,malariasim,,2.0247,0.062151
16,prevalence,malariasim,,2.063,0.060172
16,prevalence,malariasim,,2.1014,0.059556
16,prevalence,malariasim,,2.1397,0.061132
16,prevalence,malariasim,,2.1781,0.064124
16,prevalence,malariasim,,2.2164,0.067501
16,prevalence,malariasim,,2.2548,0.07113
16,prevalence,malariasim,,2.2932,0.075843
16,prevalence,malariasim,,2.3315,0.082375
16,prevalence,malariasim,,2.3699,0.090201
16,prevalence,malariasim,,2.4082,0.100419
16,prevalence,malariasim,,2.4466,0.112751
16,prevalence,malariasim,,2.4849,0.125861
16,prevalence,malariasim,,2.5233,0.137103
16,prevalence,malariasim,,2.5616,0.144814
16,prevalence,malariasim,,2.6,0.147421
16,prevalence,malariasim,,2.6384,0.145813
16,prevalence,malariasim,,2.6767,0.139364
16,prevalence,malariasim,,2.7151,0.130141
16,prevalence,malariasim,,2.7534,0.120426
16,prevalence,malariasim,,2.7918,0.110962
16,prevalence,malariasim,,2.8301,0.102752
16,prevalence,malariasim,,2.8685,0.09558
16,prevalence,malariasim,,2.9068,0.088692
16,prevalence,malariasim,,2.9452,0.081703
16,prevalence,malariasim,,2.9836,0.076909
16,prevalence,pipeline,,-3.0,0.072708
16,prevalence,pipeline,,-2.9616,0.071176
16,prevalence,pipeline,,-2.9233,0.06885
16,prevalence,pipeline,,-2.8849,0.06861
16,prevalence,pipeline,,-2.8466,0.070852
16,prevalence,pipeline,,-2.8082,0.072576
16,prevalence,pipeline,,-2.7699,0.075733
16,prevalence,pipeline,,-2.7315,0.079985
16,prevalence,pipeline,,-2.6932,0.085016
16,prevalence,pipeline,,-2.6548,0.091558
16,prevalence,pipeline,,-2.6164,0.100136
16,prevalence,pipeline,,-2.5781,0.11075
16,prevalence,pipeline,,-2.5397,0.122611
16,prevalence,pipeline,,-2.5014,0.134193
16,prevalence,pipeline,,-2.463,0.143599
16,prevalence,pipeline,,-2.4247,0.149065
16,prevalence,pipeline,,-2.3863,0.149552
16,prevalence,pipeline,,-2.3479,0.145207
16,prevalence,pipeline,,-2.3096,0.137252
16,prevalence,pipeline,,-2.2712,0.127491
16,prevalence,pipeline,,-2.2329,0.117686
16,prevalence,pipeline,,-2.1945,0.108866
16,prevalence,pipeline,,-2.1562,0.101121
16,prevalence,pipeline,,-2.1178,0.09411
16,prevalence,pipeline,,-2.0795,0.087392
16,prevalence,pipeline,,-2.0411,0.080694
16,prevalence,pipeline,,-2.0027,0.074311
16,prevalence,pipeline,,-1.9644,0.069382
16,prevalence,pipeline,,-1.926,0.066837
16,prevalence,pipeline,,-1.8877,0.066513
16,prevalence,pipeline,,-1.8493,0.068108
16,prevalence,pipeline,,-1.811,0.0709
16,prevalence,pipeline,,-1.7726,0.074412
16,prevalence,pipeline,,-1.7342,0.078733
16,prevalence,pipeline,,-1.6959,0.084172
16,prevalence,pipeline,,-1.6575,0.091202
16,prevalence,pipeline,,-1.6192,0.100264
16,prevalence,pipeline,,-1.5808,0.11137
16,prevalence,pipeline,,-1.5425,0.123767
16,prevalence,pipeline,,-1.5041,0.135943
16,prevalence,pipeline,,-1.4658,0.146029
16,prevalence,pipeline,,-1.4274,0.152231
16,prevalence,pipeline,,-1.389,0.153387
16,prevalence,pipeline,,-1.3507,0.14954
16,prevalence,pipeline,,-1.3123,0.141859
16,prevalence,pipeline,,-1.274,0.132093
16,prevalence,pipeline,,-1.2356,0.121969
16,prevalence,pipeline,,-1.1973,0.112607
16,prevalence,pipeline,,-1.1589,0.104294
16,prevalence,pipeline,,-1.1205,0.096821
16,prevalence,pipeline,,-1.0822,0.089768
16,prevalence,pipeline,,-1.0438,0.082799
16,prevalence,pipeline,,-1.0055,0.076108
16,prevalence,pipeline,,-0.9671,0.070765
16,prevalence,pipeline,,-0.9288,0.067829
16,prevalence,pipeline,,-0.8904,0.067253
16,prevalence,pipeline,,-0.8521,0.068694
16,prevalence,pipeline,,-0.8137,0.071417
16,prevalence,pipeline,,-0.7753,0.074902
16,prevalence,pipeline,,-0.737,0.079233
16,prevalence,pipeline,,-0.6986,0.084717
16,prevalence,pipeline,,-0.6603,0.091817
16,prevalence,pipeline,,-0.6219,0.100979
16,prevalence,pipeline,,-0.5836,0.112257
16,prevalence,pipeline,,-0.5452,0.124949
16,prevalence,pipeline,,-0.5068,0.137552
16,prevalence,pipeline,,-0.4685,0.148138
16,prevalence,pipeline,,-0.4301,0.154808
16,prevalence,pipeline,,-0.3918,0.15629
16,prevalence,pipeline,,-0.3534,0.152573
16,prevalence,pipeline,,-0.3151,0.144827
16,prevalence,pipeline,,-0.2767,0.134811
16,prevalence,pipeline,,-0.2384,0.124258
16,prevalence,pipeline,,-0.2,0.114379
16,prevalence,pipeline,,-0.1616,0.10562
16,prevalence,pipeline,,-0.1233,0.09787
16,prevalence,pipeline,,-0.0849,0.090715
16,prevalence,pipeline,,-0.0466,0.083746
16,prevalence,pipeline,,-0.0082,0.077011
16,prevalence,pipeline,,0.0301,0.071608
16,prevalence,pipeline,,0.0685,0.065468
16,prevalence,pipeline,,0.1068,0.066739
16,prevalence,pipeline,,0.1452,0.065765
16,prevalence,pipeline,,0.1836,0.065807
16,prevalence,pipeline,,0.2219,0.066527
16,prevalence,pipeline,,0.2603,0.066467
16,prevalence,pipeline,,0.2986,0.069079
16,prevalence,pipeline,,0.337,0.07288
16,prevalence,pipeline,,0.3753,0.077986
16,prevalence,pipeline,,0.4137,0.084433
16,prevalence,pipeline,,0.4521,0.091947
16,prevalence,pipeline,,0.4904,0.099807
16,prevalence,pipeline,,0.5288,0.106844
16,prevalence,pipeline,,0.5671,0.111636
16,prevalence,pipeline,,0.6055,0.113048
16,prevalence,pipeline,,0.6438,0.110753
16,prevalence,pipeline,,0.6822,0.105366
16,prevalence,pipeline,,0.7205,0.098141
16,prevalence,pipeline,,0.7589,0.0904
16,prevalence,pipeline,,0.7973,0.083051
16,prevalence,pipeline,,0.8356,0.076444
16,prevalence,pipeline,,0.874,0.070532
16,prevalence,pipeline,,0.9123,0.065109
16,prevalence,pipeline,,0.9507,0.060084
16,prevalence,pipeline,,0.989,0.055645
16,prevalence,pipeline,,1.0274,0.05218
16,prevalence,pipeline,,1.0658,0.050064
16,prevalence,pipeline,,1.1041,0.049361
16,prevalence,pipeline,,1.1425,0.04987
16,prevalence,pipeline,,1.1808,0.051396
16,prevalence,pipeline,,1.2192,0.053758
16,prevalence,pipeline,,1.2575,0.057009
16,prevalence,pipeline,,1.2959,0.061395
16,prevalence,pipeline,,1.3342,0.067188
16,prevalence,pipeline,,1.3726,0.07464
16,prevalence,pipeline,,1.411,0.083847
16,prevalence,pipeline,,1.4493,0.094496
16,prevalence,pipeline,,1.4877,0.105634
16,prevalence,pipeline,,1.526,0.115688
16,prevalence,pipeline,,1.5644,0.122824
16,prevalence,pipeline,,1.6027,0.125621
16,prevalence,pipeline,,1.6411,0.123669
16,prevalence,pipeline,,1.6795,0.117753
16,prevalence,pipeline,,1.7178,0.109484
16,prevalence,pipeline,,1.7562,0.100555
16,prevalence,pipeline,,1.7945,0.092128
16,prevalence,pipeline,,1.8329,0.084703
16,prevalence,pipeline,,1.8712,0.078269
16,prevalence,pipeline,,1.9096,0.0725
16,prevalence,pipeline,,1.9479,0.067117
16,prevalence,pipeline,,1.9863,0.062249
16,prevalence,pipeline,,2.0247,0.05842
16,prevalence,pipeline,,2.063,0.05618
16,prevalence,pipeline,,2.1014,0.055664
16,prevalence,pipeline,,2.1397,0.056613
16,prevalence,pipeline,,2.1781,0.05868
16,prevalence,pipeline,,2.2164,0.061574
16,prevalence,pipeline,,2.2548,0.065293
16,prevalence,pipeline,,2.2932,0.070114
16,prevalence,pipeline,,2.3315,0.076391
16,prevalence,pipeline,,2.3699,0.08446
16,prevalence,pipeline,,2.4082,0.094486
16,prevalence,pipeline,,2.4466,0.106179
16,prevalence,pipeline,,2.4849,0.118515
16,prevalence,pipeline,,2.5233,0.129756
16,prevalence,pipeline,,2.5616,0.137866
16,prevalence,pipeline,,2.6,0.141214
16,prevalence,pipeline,,2.6384,0.139229
16,prevalence,pipeline,,2.6767,0.132688
16,prevalence,pipeline,,2.7151,0.123382
16,prevalence,pipeline,,2.7534,0.113267
16,prevalence,pipeline,,2.7918,0.103714
16,prevalence,pipeline,,2.8301,0.095302
16,prevalence,pipeline,,2.8685,0.087979
16,prevalence,pipeline,,2.9068,0.081337
16,prevalence,pipeline,,2.9452,0.075052
16,prevalence,pipeline,,2.9836,0.069325
16,prevalence,emulator,,-3.0,0.072525
16,prevalence,emulator,,-2.9616,0.071004
16,prevalence,emulator,,-2.9233,0.068684
16,prevalence,emulator,,-2.8849,0.06844
16,prevalence,emulator,,-2.8466,0.07068
16,prevalence,emulator,,-2.8082,0.072397
16,prevalence,emulator,,-2.7699,0.075547
16,prevalence,emulator,,-2.7315,0.079788
16,prevalence,emulator,,-2.6932,0.084806
16,prevalence,emulator,,-2.6548,0.091331
16,prevalence,emulator,,-2.6164,0.099888
16,prevalence,emulator,,-2.5781,0.110475
16,prevalence,emulator,,-2.5397,0.12231
16,prevalence,emulator,,-2.5014,0.133867
16,prevalence,emulator,,-2.463,0.143255
16,prevalence,emulator,,-2.4247,0.148714
16,prevalence,emulator,,-2.3863,0.149203
16,prevalence,emulator,,-2.3479,0.14487
16,prevalence,emulator,,-2.3096,0.136934
16,prevalence,emulator,,-2.2712,0.127195
16,prevalence,emulator,,-2.2329,0.117412
16,prevalence,emulator,,-2.1945,0.108612
16,prevalence,emulator,,-2.1562,0.100885
16,prevalence,emulator,,-2.1178,0.09389
16,prevalence,emulator,,-2.0795,0.087188
16,prevalence,emulator,,-2.0411,0.080505
16,prevalence,emulator,,-2.0027,0.074135
16,prevalence,emulator,,-1.9644,0.069216
16,prevalence,emulator,,-1.926,0.066674
16,prevalence,emulator,,-1.8877,0.066349
16,prevalence,emulator,,-1.8493,0.067937
16,prevalence,emulator,,-1.811,0.070722
16,prevalence,emulator,,-1.7726,0.074224
16,prevalence,emulator,,-1.7342,0.078534
16,prevalence,emulator,,-1.6959,0.083958
16,prevalence,emulator,,-1.6575,0.09097
16,prevalence,emulator,,-1.6192,0.10001
16,prevalence,emulator,,-1.5808,0.111089
16,prevalence,emulator,,-1.5425,0.123458
16,prevalence,emulator,,-1.5041,0.135609
16,prevalence,emulator,,-1.4658,0.145678
16,prevalence,emulator,,-1.4274,0.151872
16,prevalence,emulator,,-1.389,0.15303
16,prevalence,emulator,,-1.3507,0.149195
16,prevalence,emulator,,-1.3123,0.141532
16,prevalence,emulator,,-1.274,0.131788
16,prevalence,emulator,,-1.2356,0.121686
16,prevalence,emulator,,-1.1973,0.112346
16,prevalence,emulator,,-1.1589,0.104051
16,prevalence,emulator,,-1.1205,0.096594
16,prevalence,emulator,,-1.0822,0.089557
16,prevalence,emulator,,-1.0438,0.082603
16,prevalence,emulator,,-1.0055,0.075926
16,prevalence,emulator,,-0.9671,0.070593
16,prevalence,emulator,,-0.9288,0.067662
16,prevalence,emulator,,-0.8904,0.067084
16,prevalence,emulator,,-0.8521,0.06852
16,prevalence,emulator,,-0.8137,0.071234
16,prevalence,emulator,,-0.7753,0.07471
16,prevalence,emulator,,-0.737,0.07903
16,prevalence,emulator,,-0.6986,0.084499
16,prevalence,emulator,,-0.6603,0.09158
16,prevalence,emulator,,-0.6219,0.10072
16,prevalence,emulator,,-0.5836,0.111971
16,prevalence,emulator,,-0.5452,0.124635
16,prevalence,emulator,,-0.5068,0.137213
16,prevalence,emulator,,-0.4685,0.14778
16,prevalence,emulator,,-0.4301,0.154442
16,prevalence,emulator,,-0.3918,0.155926
16,prevalence,emulator,,-0.3534,0.15222
16,prevalence,emulator,,-0.3151,0.144492
16,prevalence,emulator,,-0.2767,0.134498
16,prevalence,emulator,,-0.2384,0.123968
16,prevalence,emulator,,-0.2,0.11411
16,prevalence,emulator,,-0.1616,0.10537
16,prevalence,emulator,,-0.1233,0.097638
16,prevalence,emulator,,-0.0849,0.0905
16,prevalence,emulator,,-0.0466,0.083546
16,prevalence,emulator,,-0.0082,0.076825
16,prevalence,emulator,,0.0301,0.071437
16,prevalence,emulator,,0.0685,0.065303
16,prevalence,emulator,,0.1068,0.066578
16,prevalence,emulator,,0.1452,0.065603
16,prevalence,emulator,,0.1836,0.065643
16,prevalence,emulator,,0.2219,0.066358
16,prevalence,emulator,,0.2603,0.066294
16,prevalence,emulator,,0.2986,0.068897
16,prevalence,emulator,,0.337,0.072686
16,prevalence,emulator,,0.3753,0.077777
16,prevalence,emulator,,0.4137,0.084206
16,prevalence,emulator,,0.4521,0.0917
16,prevalence,emulator,,0.4904,0.09954
16,prevalence,emulator,,0.5288,0.106561
16,prevalence,emulator,,0.5671,0.111344
16,prevalence,emulator,,0.6055,0.112756
16,prevalence,emulator,,0.6438,0.110468
16,prevalence,emulator,,0.6822,0.105095
16,prevalence,emulator,,0.7205,0.097889
16,prevalence,emulator,,0.7589,0.090167
16,prevalence,emulator,,0.7973,0.082836
16,prevalence,emulator,,0.8356,0.076246
16,prevalence,emulator,,0.874,0.070349
16,prevalence,emulator,,0.9123,0.064941
16,prevalence,emulator,,0.9507,0.059929
16,prevalence,emulator,,0.989,0.055501
16,prevalence,emulator,,1.0274,0.052044
16,prevalence,emulator,,1.0658,0.049933
16,prevalence,emulator,,1.1041,0.049229
16,prevalence,emulator,,1.1425,0.049734
16,prevalence,emulator,,1.1808,0.051253
16,prevalence,emulator,,1.2192,0.053607
16,prevalence,emulator,,1.2575,0.056846
16,prevalence,emulator,,1.2959,0.061217
16,prevalence,emulator,,1.3342,0.066992
16,prevalence,emulator,,1.3726,0.074422
16,prevalence,emulator,,1.411,0.083603
16,prevalence,emulator,,1.4493,0.094223
16,prevalence,emulator,,1.4877,0.105334
16,prevalence,emulator,,1.526,0.115365
16,prevalence,emulator,,1.5644,0.122488
16,prevalence,emulator,,1.6027,0.125282
16,prevalence,emulator,,1.6411,0.123338
16,prevalence,emulator,,1.6795,0.117438
16,prevalence,emulator,,1.7178,0.109191
16,prevalence,emulator,,1.7562,0.100285
16,prevalence,emulator,,1.7945,0.091879
16,prevalence,emulator,,1.8329,0.084474
16,prevalence,emulator,,1.8712,0.078058
16,prevalence,emulator,,1.9096,0.072305
16,prevalence,emulator,,1.9479,0.066936
16,prevalence,emulator,,1.9863,0.062081
16,prevalence,emulator,,2.0247,0.058262
16,prevalence,emulator,,2.063,0.056026
16,prevalence,emulator,,2.1014,0.055509
16,prevalence,emulator,,2.1397,0.056453
16,prevalence,emulator,,2.1781,0.058512
16,prevalence,emulator,,2.2164,0.061395
16,prevalence,emulator,,2.2548,0.065103
16,prevalence,emulator,,2.2932,0.069909
16,prevalence,emulator,,2.3315,0.076166
16,prevalence,emulator,,2.3699,0.084212
16,prevalence,emulator,,2.4082,0.094211
16,prevalence,emulator,,2.4466,0.105874
16,prevalence,emulator,,2.4849,0.118182
16,prevalence,emulator,,2.5233,0.1294
16,prevalence,emulator,,2.5616,0.137497
16,prevalence,emulator,,2.6,0.140842
16,prevalence,emulator,,2.6384,0.138867
16,prevalence,emulator,,2.6767,0.132344
16,prevalence,emulator,,2.7151,0.12306
16,prevalence,emulator,,2.7534,0.112971
16,prevalence,emulator,,2.7918,0.103441
16,prevalence,emulator,,2.8301,0.09505
16,prevalence,emulator,,2.8685,0.087747
16,prevalence,emulator,,2.9068,0.081121
16,prevalence,emulator,,2.9452,0.074852
16,prevalence,emulator,,2.9836,0.069139
16,cases,run,0,-3.0,0.068719
16,cases,run,0,-2.9616,0.18397
16,cases,run,0,-2.9233,0.323565
16,cases,run,0,-2.8849,0.451699
16,cases,run,0,-2.8466,0.586996
16,cases,run,0,-2.8082,0.640682
16,cases,run,0,-2.7699,0.703684
16,cases,run,0,-2.7315,0.869057
16,cases,run,0,-2.6932,0.934948
16,cases,run,0,-2.6548,1.181959
16,cases,run,0,-2.6164,1.471917
16,cases,run,0,-2.5781,1.756159
16,cases,run,0,-2.5397,1.924469
16,cases,run,0,-2.5014,1.958865
16,cases,run,0,-2.463,1.764906
16,cases,run,0,-2.4247,1.482837
16,cases,run,0,-2.3863,0.918673
16,cases,run,0,-2.3479,0.519136
16,cases,run,0,-2.3096,0.175435
16,cases,run,0,-2.2712,0.044396
16,cases,run,0,-2.2329,0.022915
16,cases,run,0,-2.1945,0.04583
16,cases,run,0,-2.1562,0.076624
16,cases,run,0,-2.1178,0.065886
16,cases,run,0,-2.0795,0.02435
16,cases,run,0,-2.0411,0.016473
16,cases,run,0,-2.0027,0.058014
16,cases,run,0,-1.9644,0.159001
16,cases,run,0,-1.926,0.304401
16,cases,run,0,-1.8877,0.472
16,cases,run,0,-1.8493,0.618114
16,cases,run,0,-1.811,0.709808
16,cases,run,0,-1.7726,0.809377
16,cases,run,0,-1.7342,0.86382
16,cases,run,0,-1.6959,1.009971
16,cases,run,0,-1.6575,1.233485
16,cases,run,0,-1.6192,1.583801
16,cases,run,0,-1.5808,1.777242
16,cases,run,0,-1.5425,2.007915
16,cases,run,0,-1.5041,2.053772
16,cases,run,0,-1.4658,1.95708
16,cases,run,0,-1.4274,1.5416
16,cases,run,0,-1.389,1.048054
16,cases,run,0,-1.3507,0.535143
16,cases,run,0,-1.3123,0.214199
16,cases,run,0,-1.274,0.041551
16,cases,run,0,-1.2356,0.021492
16,cases,run,0,-1.1973,0.054447
16,cases,run,0,-1.1589,0.06806
16,cases,run,0,-1.1205,0.071642
16,cases,run,0,-1.0822,0.029374
16,cases,run,0,-1.0438,0.020061
16,cases,run,0,-1.0055,0.051585
16,cases,run,0,-0.9671,0.160487
16,cases,run,0,-0.9288,0.314528
16,cases,run,0,-0.8904,0.451375
16,cases,run,0,-0.8521,0.578924
16,cases,run,0,-0.8137,0.695739
16,cases,run,0,-0.7753,0.770998
16,cases,run,0,-0.737,0.880659
16,cases,run,0,-0.6986,1.026874
16,cases,run,0,-0.6603,1.246148
16,cases,run,0,-0.6219,1.575107
16,cases,run,0,-0.5836,1.867511
16,cases,run,0,-0.5452,2.101855
16,cases,run,0,-0.5068,2.100425
16,cases,run,0,-0.4685,1.987173
16,cases,run,0,-0.4301,1.610967
16,cases,run,0,-0.3918,1.106475
16,cases,run,0,-0.3534,0.612004
16,cases,run,0,-0.3151,0.252262
16,cases,run,0,-0.2767,0.056615
16,cases,run,0,-0.2384,0.017916
16,cases,run,0,-0.2,0.039416
16,cases,run,0,-0.1616,0.073817
16,cases,run,0,-0.1233,0.063785
16,cases,run,0,-0.0849,0.029384
16,cases,run,0,-0.0466,0.015051
16,cases,run,0,-0.0082,0.051602
16,cases,run,0,0.0301,0.151223
16,cases,run,0,0.0685,0.22433
16,cases,run,0,0.1068,0.343301
16,cases,run,0,0.1452,0.417839
16,cases,run,0,0.1836,0.484507
16,cases,run,0,0.2219,0.495985
16,cases,run,0,0.2603,0.556183
16,cases,run,0,0.2986,0.688063
16,cases,run,0,0.337,0.83644
16,cases,run,0,0.3753,0.974762
16,cases,run,0,0.4137,1.232056
16,cases,run,0,0.4521,1.385435
16,cases,run,0,0.4904,1.414102
16,cases,run,0,0.5288,1.363193
16,cases,run,0,0.5671,1.090845
16,cases,run,0,0.6055,0.737501
16,cases,run,0,0.6438,0.430031
16,cases,run,0,0.6822,0.156964
16,cases,run,0,0.7205,0.048738
16,cases,run,0,0.7589,0.017919
16,cases,run,0,0.7973,0.025087
16,cases,run,0,0.8356,0.053041
16,cases,run,0,0.874,0.038706
16,cases,run,0,0.9123,0.032257
16,cases,run,0,0.9507,0.012903
16,cases,run,0,0.989,0.035843
16,cases,run,0,1.0274,0.116849
16,cases,run,0,1.0658,0.235851
16,cases,run,0,1.1041,0.324024
16,cases,run,0,1.1425,0.435858
16,cases,run,0,1.1808,0.521181
16,cases,run,0,1.2192,0.61869
16,cases,run,0,1.2575,0.650237
16,cases,run,0,1.2959,0.765675
16,cases,run,0,1.3342,1.014474
16,cases,run,0,1.3726,1.184389
16,cases,run,0,1.411,1.402362
16,cases,run,0,1.4493,1.62465
16,cases,run,0,1.4877,1.73222
16,cases,run,0,1.526,1.607457
16,cases,run,0,1.5644,1.405288
16,cases,run,0,1.6027,1.03824
16,cases,run,0,1.6411,0.582218
16,cases,run,0,1.6795,0.261716
16,cases,run,0,1.7178,0.064533
16,cases,run,0,1.7562,0.018643
16,cases,run,0,1.7945,0.020078
16,cases,run,0,1.8329,0.056647
16,cases,run,0,1.8712,0.063101
16,cases,run,0,1.9096,0.027966
16,cases,run,0,1.9479,0.020079
16,cases,run,0,1.9863,0.0545
16,cases,run,0,2.0247,0.134101
16,cases,run,0,2.063,0.258163
16,cases,run,0,2.1014,0.388678
16,cases,run,0,2.1397,0.529234
16,cases,run,0,2.1781,0.606683
16,cases,run,0,2.2164,0.636815
16,cases,run,0,2.2548,0.770208
16,cases,run,0,2.2932,0.902891
16,cases,run,0,2.3315,1.104426
16,cases,run,0,2.3699,1.382695
16,cases,run,0,2.4082,1.6545
16,cases,run,0,2.4466,1.899065
16,cases,run,0,2.4849,1.95146
16,cases,run,0,2.5233,1.960084
16,cases,run,0,2.5616,1.682515
16,cases,run,0,2.6,1.229957
16,cases,run,0,2.6384,0.666963
16,cases,run,0,2.6767,0.287583
16,cases,run,0,2.7151,0.091081
16,cases,run,0,2.7534,0.02295
16,cases,run,0,2.7918,0.038728
16,cases,run,0,2.8301,0.065982
16,cases,run,0,2.8685,0.073155
16,cases,run,0,2.9068,0.035143
16,cases,run,0,2.9452,0.01793
16,cases,run,0,2.9836,0.028688
16,cases,run,1,-3.0,0.070159
16,cases,run,1,-2.9616,0.177548
16,cases,run,1,-2.9233,0.330049
16,cases,run,1,-2.8849,0.459639
16,cases,run,1,-2.8466,0.57992
16,cases,run,1,-2.8082,0.673003
16,cases,run,1,-2.7699,0.745322
16,cases,run,1,-2.7315,0.822656
16,cases,run,1,-2.6932,1.015986
16,cases,run,1,-2.6548,1.202167
16,cases,run,1,-2.6164,1.458486
16,cases,run,1,-2.5781,1.689748
16,cases,run,1,-2.5397,1.937539
16,cases,run,1,-2.5014,1.939036
16,cases,run,1,-2.463,1.847396
16,cases,run,1,-2.4247,1.424218
16,cases,run,1,-2.3863,1.004618
16,cases,run,1,-2.3479,0.493365
16,cases,run,1,-2.3096,0.175434
16,cases,run,1,-2.2712,0.040099
16,cases,run,1,-2.2329,0.017901
16,cases,run,1,-2.1945,0.04726
16,cases,run,1,-2.1562,0.073754
16,cases,run,1,-2.1178,0.070174
16,cases,run,1,-2.0795,0.021482
16,cases,run,1,-2.0411,0.014321
16,cases,run,1,-2.0027,0.06946
16,cases,run,1,-1.9644,0.185468
16,cases,run,1,-1.926,0.327255
16,cases,run,1,-1.8877,0.460454
16,cases,run,1,-1.8493,0.633763
16,cases,run,1,-1.811,0.674577
16,cases,run,1,-1.7726,0.781269
16,cases,run,1,-1.7342,0.850735
16,cases,run,1,-1.6959,1.016153
16,cases,run,1,-1.6575,1.287569
16,cases,run,1,-1.6192,1.552563
16,cases,run,1,-1.5808,1.777443
16,cases,run,1,-1.5425,2.013068
16,cases,run,1,-1.5041,2.056785
16,cases,run,1,-1.4658,1.916468
16,cases,run,1,-1.4274,1.586327
16,cases,run,1,-1.389,1.109361
16,cases,run,1,-1.3507,0.559348
16,cases,run,1,-1.3123,0.222021
16,cases,run,1,-1.274,0.058013
16,cases,run,1,-1.2356,0.02077
16,cases,run,1,-1.1973,0.055149
16,cases,run,1,-1.1589,0.076635
16,cases,run,1,-1.1205,0.066608
16,cases,run,1,-1.0822,0.041541
16,cases,run,1,-1.0438,0.024352
16,cases,run,1,-1.0055,0.069477
16,cases,run,1,-0.9671,0.165457
16,cases,run,1,-0.9288,0.347393
16,cases,run,1,-0.8904,0.509268
16,cases,run,1,-0.8521,0.593792
16,cases,run,1,-0.8137,0.730587
16,cases,run,1,-0.7753,0.785748
16,cases,run,1,-0.737,0.916813
16,cases,run,1,-0.6986,1.075818
16,cases,run,1,-0.6603,1.244897
16,cases,run,1,-0.6219,1.644617
16,cases,run,1,-0.5836,1.886014
16,cases,run,1,-0.5452,2.038583
16,cases,run,1,-0.5068,2.175361
16,cases,run,1,-0.4685,1.932559
16,cases,run,1,-0.4301,1.655378
16,cases,run,1,-0.3918,1.129623
16,cases,run,1,-0.3534,0.611022
16,cases,run,1,-0.3151,0.23997
16,cases,run,1,-0.2767,0.049428
16,cases,run,1,-0.2384,0.021491
16,cases,run,1,-0.2,0.047998
16,cases,run,1,-0.1616,0.077372
16,cases,run,1,-0.1233,0.052298
16,cases,run,1,-0.0849,0.038687
16,cases,run,1,-0.0466,0.025792
16,cases,run,1,-0.0082,0.056598
16,cases,run,1,0.0301,0.145438
16,cases,run,1,0.0685,0.207767
16,cases,run,1,0.1068,0.303061
16,cases,run,1,0.1452,0.397643
16,cases,run,1,0.1836,0.464284
16,cases,run,1,0.2219,0.518744
16,cases,run,1,0.2603,0.595412
16,cases,run,1,0.2986,0.668497
16,cases,run,1,0.337,0.811086
16,cases,run,1,0.3753,0.950799
16,cases,run,1,0.4137,1.199432
16,cases,run,1,0.4521,1.323407
16,cases,run,1,0.4904,1.361414
16,cases,run,1,0.5288,1.330618
16,cases,run,1,0.5671,1.112791
16,cases,run,1,0.6055,0.782481
16,cases,run,1,0.6438,0.415614
16,cases,run,1,0.6822,0.163381
16,cases,run,1,0.7205,0.042996
16,cases,run,1,0.7589,0.010749
16,cases,run,1,0.7973,0.022215
16,cases,run,1,0.8356,0.051595
16,cases,run,1,0.874,0.050163
16,cases,run,1,0.9123,0.029381
16,cases,run,1,0.9507,0.014333
16,cases,run,1,0.989,0.030815
16,cases,run,1,1.0274,0.128993
16,cases,run,1,1.0658,0.208536
16,cases,run,1,1.1041,0.332513
16,cases,run,1,1.1425,0.452196
16,cases,run,1,1.1808,0.526731
16,cases,run,1,1.2192,0.602698
16,cases,run,1,1.2575,0.681528
16,cases,run,1,1.2959,0.769677
16,cases,run,1,1.3342,0.96391
16,cases,run,1,1.3726,1.214776
16,cases,run,1,1.411,1.452742
16,cases,run,1,1.4493,1.682786
16,cases,run,1,1.4877,1.754519
16,cases,run,1,1.526,1.704366
16,cases,run,1,1.5644,1.46142
16,cases,run,1,1.6027,1.077983
16,cases,run,1,1.6411,0.586293
16,cases,run,1,1.6795,0.256593
16,cases,run,1,1.7178,0.070958
16,cases,run,1,1.7562,0.017202
16,cases,run,1,1.7945,0.035839
16,cases,run,1,1.8329,0.070245
16,cases,run,1,1.8712,0.062361
16,cases,run,1,1.9096,0.038707
16,cases,run,1,1.9479,0.012186
16,cases,run,1,1.9863,0.044443
16,cases,run,1,2.0247,0.13978
16,cases,run,1,2.063,0.278126
16,cases,run,1,2.1014,0.409307
16,cases,run,1,2.1397,0.526865
16,cases,run,1,2.1781,0.605713
16,cases,run,1,2.2164,0.696746
16,cases,run,1,2.2548,0.773471
16,cases,run,1,2.2932,0.931181
16,cases,run,1,2.3315,1.134773
16,cases,run,1,2.3699,1.363488
16,cases,run,1,2.4082,1.790049
16,cases,run,1,2.4466,1.898281
16,cases,run,1,2.4849,1.983575
16,cases,run,1,2.5233,2.011524
16,cases,run,1,2.5616,1.668889
16,cases,run,1,2.6,1.211563
16,cases,run,1,2.6384,0.691105
16,cases,run,1,2.6767,0.308273
16,cases,run,1,2.7151,0.065957
16,cases,run,1,2.7534,0.026526
16,cases,run,1,2.7918,0.040148
16,cases,run,1,2.8301,0.066676
16,cases,run,1,2.8685,0.080297
16,cases,run,1,2.9068,0.037998
16,cases,run,1,2.9452,0.015773
16,cases,run,1,2.9836,0.037281
16,cases,run,2,-3.0,0.073019
16,cases,run,2,-2.9616,0.186129
16,cases,run,2,-2.9233,0.288504
16,cases,run,2,-2.8849,0.423095
16,cases,run,2,-2.8466,0.560545
16,cases,run,2,-2.8082,0.685838
16,cases,run,2,-2.7699,0.725951
16,cases,run,2,-2.7315,0.817604
16,cases,run,2,-2.6932,0.957218
16,cases,run,2,-2.6548,1.147679
16,cases,run,2,-2.6164,1.443381
16,cases,run,2,-2.5781,1.698993
16,cases,run,2,-2.5397,1.903774
16,cases,run,2,-2.5014,1.99112
16,cases,run,2,-2.463,1.791365
16,cases,run,2,-2.4247,1.4341
16,cases,run,2,-2.3863,0.962307
16,cases,run,2,-2.3479,0.5499
16,cases,run,2,-2.3096,0.187594
16,cases,run,2,-2.2712,0.047973
16,cases,run,2,-2.2329,0.015753
16,cases,run,2,-2.1945,0.052987
16,cases,run,2,-2.1562,0.08163
16,cases,run,2,-2.1178,0.063728
16,cases,run,2,-2.0795,0.028641
16,cases,run,2,-2.0411,0.019333
16,cases,run,2,-2.0027,0.057283
16,cases,run,2,-1.9644,0.178298
16,cases,run,2,-1.926,0.320796
16,cases,run,2,-1.8877,0.493371
16,cases,run,2,-1.8493,0.56928
16,cases,run,2,-1.811,0.666664
16,cases,run,2,-1.7726,0.700328
16,cases,run,2,-1.7342,0.840697
16,cases,run,2,-1.6959,1.001116
16,cases,run,2,-1.6575,1.229559
16,cases,run,2,-1.6192,1.471628
16,cases,run,2,-1.5808,1.778875
16,cases,run,2,-1.5425,1.924282
16,cases,run,2,-1.5041,2.028899
16,cases,run,2,-1.4658,1.864914
16,cases,run,2,-1.4274,1.521159
16,cases,run,2,-1.389,1.018406
16,cases,run,2,-1.3507,0.574379
16,cases,run,2,-1.3123,0.213423
16,cases,run,2,-1.274,0.044405
16,cases,run,2,-1.2356,0.0265
16,cases,run,2,-1.1973,0.039393
16,cases,run,2,-1.1589,0.078788
16,cases,run,2,-1.1205,0.072343
16,cases,run,2,-1.0822,0.027934
16,cases,run,2,-1.0438,0.017907
16,cases,run,2,-1.0055,0.063033
16,cases,run,2,-0.9671,0.166897
16,cases,run,2,-0.9288,0.33595
16,cases,run,2,-0.8904,0.484228
16,cases,run,2,-0.8521,0.585955
16,cases,run,2,-0.8137,0.654015
16,cases,run,2,-0.7753,0.765769
16,cases,run,2,-0.737,0.857484
16,cases,run,2,-0.6986,0.977857
16,cases,run,2,-0.6603,1.225023
16,cases,run,2,-0.6219,1.483662
16,cases,run,2,-0.5836,1.810356
16,cases,run,2,-0.5452,2.013903
16,cases,run,2,-0.5068,2.011763
16,cases,run,2,-0.4685,1.950876
16,cases,run,2,-0.4301,1.547537
16,cases,run,2,-0.3918,1.131292
16,cases,run,2,-0.3534,0.556689
16,cases,run,2,-0.3151,0.219953
16,cases,run,2,-0.2767,0.055168
16,cases,run,2,-0.2384,0.019345
16,cases,run,2,-0.2,0.043705
16,cases,run,2,-0.1616,0.074514
16,cases,run,2,-0.1233,0.065916
16,cases,run,2,-0.0849,0.031525
16,cases,run,2,-0.0466,0.018629
16,cases,run,2,-0.0082,0.054456
16,cases,run,2,0.0301,0.141158
16,cases,run,2,0.0685,0.251503
16,cases,run,2,0.1068,0.308831
16,cases,run,2,0.1452,0.426346
16,cases,run,2,0.1836,0.488691
16,cases,run,2,0.2219,0.535263
16,cases,run,2,0.2603,0.556757
16,cases,run,2,0.2986,0.690768
16,cases,run,2,0.337,0.822612
16,cases,run,2,0.3753,1.015357
16,cases,run,2,0.4137,1.188053
16,cases,run,2,0.4521,1.338561
16,cases,run,2,0.4904,1.39518
16,cases,run,2,0.5288,1.284856
16,cases,run,2,0.5671,1.080635
16,cases,run,2,0.6055,0.758872
16,cases,run,2,0.6438,0.408455
16,cases,run,2,0.6822,0.159083
16,cases,run,2,0.7205,0.050162
16,cases,run,2,0.7589,0.015049
16,cases,run,2,0.7973,0.031531
16,cases,run,2,0.8356,0.04658
16,cases,run,2,0.874,0.051597
16,cases,run,2,0.9123,0.029382
16,cases,run,2,0.9507,0.013617
16,cases,run,2,0.989,0.028667
16,cases,run,2,1.0274,0.113953
16,cases,run,2,1.0658,0.255144
16,cases,run,2,1.1041,0.359067
16,cases,run,2,1.1425,0.422853
16,cases,run,2,1.1808,0.481625
16,cases,run,2,1.2192,0.559758
16,cases,run,2,1.2575,0.662979
16,cases,run,2,1.2959,0.797725
16,cases,run,2,1.3342,0.95113
16,cases,run,2,1.3726,1.138207
16,cases,run,2,1.411,1.44358
16,cases,run,2,1.4493,1.587662
16,cases,run,2,1.4877,1.667934
16,cases,run,2,1.526,1.620624
16,cases,run,2,1.5644,1.376923
16,cases,run,2,1.6027,0.99419
16,cases,run,2,1.6411,0.564831
16,cases,run,2,1.6795,0.240127
16,cases,run,2,1.7178,0.072398
16,cases,run,2,1.7562,0.01577
16,cases,run,2,1.7945,0.043729
16,cases,run,2,1.8329,0.060935
16,cases,run,2,1.8712,0.065237
16,cases,run,2,1.9096,0.040146
16,cases,run,2,1.9479,0.014338
16,cases,run,2,1.9863,0.053051
16,cases,run,2,2.0247,0.127611
16,cases,run,2,2.063,0.263828
16,cases,run,2,2.1014,0.441632
16,cases,run,2,2.1397,0.529828
16,cases,run,2,2.1781,0.580739
16,cases,run,2,2.2164,0.704063
16,cases,run,2,2.2548,0.764285
16,cases,run,2,2.2932,0.897652
16,cases,run,2,2.3315,1.086226
16,cases,run,2,2.3699,1.393123
16,cases,run,2,2.4082,1.672063
16,cases,run,2,2.4466,1.875706
16,cases,run,2,2.4849,2.001904
16,cases,run,2,2.5233,1.944592
16,cases,run,2,2.5616,1.593989
16,cases,run,2,2.6,1.17096
16,cases,run,2,2.6384,0.685509
16,cases,run,2,2.6767,0.283956
16,cases,run,2,2.7151,0.09967
16,cases,run,2,2.7534,0.025097
16,cases,run,2,2.7918,0.028682
16,cases,run,2,2.8301,0.071707
16,cases,run,2,2.8685,0.065256
16,cases,run,2,2.9068,0.043744
16,cases,run,2,2.9452,0.010757
16,cases,run,2,2.9836,0.032989
16,cases,run,3,-3.0,0.063699
16,cases,run,3,-2.9616,0.189669
16,cases,run,3,-2.9233,0.327094
16,cases,run,3,-2.8849,0.489574
16,cases,run,3,-2.8466,0.574748
16,cases,run,3,-2.8082,0.634163
16,cases,run,3,-2.7699,0.732223
16,cases,run,3,-2.7315,0.854641
16,cases,run,3,-2.6932,1.007839
16,cases,run,3,-2.6548,1.293431
16,cases,run,3,-2.6164,1.466668
16,cases,run,3,-2.5781,1.747287
16,cases,run,3,-2.5397,1.999283
16,cases,run,3,-2.5014,1.947052
16,cases,run,3,-2.463,1.711539
16,cases,run,3,-2.4247,1.398755
16,cases,run,3,-2.3863,0.958538
16,cases,run,3,-2.3479,0.538333
16,cases,run,3,-2.3096,0.176818
16,cases,run,3,-2.2712,0.044383
16,cases,run,3,-2.2329,0.017897
16,cases,run,3,-2.1945,0.047963
16,cases,run,3,-2.1562,0.075168
16,cases,run,3,-2.1178,0.064431
16,cases,run,3,-2.0795,0.030068
16,cases,run,3,-2.0411,0.021478
16,cases,run,3,-2.0027,0.068014
16,cases,run,3,-1.9644,0.171831
16,cases,run,3,-1.926,0.322905
16,cases,run,3,-1.8877,0.490447
16,cases,run,3,-1.8493,0.587118
16,cases,run,3,-1.811,0.659447
16,cases,run,3,-1.7726,0.735351
16,cases,run,3,-1.7342,0.863524
16,cases,run,3,-1.6959,1.008888
16,cases,run,3,-1.6575,1.293165
16,cases,run,3,-1.6192,1.532325
16,cases,run,3,-1.5808,1.814447
16,cases,run,3,-1.5425,2.0364
16,cases,run,3,-1.5041,2.112356
16,cases,run,3,-1.4658,1.934084
16,cases,run,3,-1.4274,1.503056
16,cases,run,3,-1.389,1.047642
16,cases,run,3,-1.3507,0.587208
16,cases,run,3,-1.3123,0.225577
16,cases,run,3,-1.274,0.057291
16,cases,run,3,-1.2356,0.022917
16,cases,run,3,-1.1973,0.042253
16,cases,run,3,-1.1589,0.073764
16,cases,run,3,-1.1205,0.068752
16,cases,run,3,-1.0822,0.031511
16,cases,run,3,-1.0438,0.012175
16,cases,run,3,-1.0055,0.071619
16,cases,run,3,-0.9671,0.181201
16,cases,run,3,-0.9288,0.322297
16,cases,run,3,-0.8904,0.442623
16,cases,run,3,-0.8521,0.608068
16,cases,run,3,-0.8137,0.677548
16,cases,run,3,-0.7753,0.82438
16,cases,run,3,-0.737,0.923252
16,cases,run,3,-0.6986,1.017802
16,cases,run,3,-0.6603,1.252756
16,cases,run,3,-0.6219,1.560756
16,cases,run,3,-0.5836,1.834352
16,cases,run,3,-0.5452,1.995462
16,cases,run,3,-0.5068,2.109336
16,cases,run,3,-0.4685,1.966058
16,cases,run,3,-0.4301,1.621554
16,cases,run,3,-0.3918,1.128068
16,cases,run,3,-0.3534,0.617389
16,cases,run,3,-0.3151,0.237074
16,cases,run,3,-0.2767,0.070191
16,cases,run,3,-0.2384,0.026501
16,cases,run,3,-0.2,0.054435
16,cases,run,3,-0.1616,0.066611
16,cases,run,3,-0.1233,0.068043
16,cases,run,3,-0.0849,0.038677
16,cases,run,3,-0.0466,0.015758
16,cases,run,3,-0.0082,0.054437
16,cases,run,3,0.0301,0.1275
16,cases,run,3,0.0685,0.221334
16,cases,run,3,0.1068,0.322329
16,cases,run,3,0.1452,0.366027
16,cases,run,3,0.1836,0.467031
16,cases,run,3,0.2219,0.490664
16,cases,run,3,0.2603,0.525766
16,cases,run,3,0.2986,0.6762
16,cases,run,3,0.337,0.807316
16,cases,run,3,0.3753,1.021509
16,cases,run,3,0.4137,1.198439
16,cases,run,3,0.4521,1.338857
16,cases,run,3,0.4904,1.403358
16,cases,run,3,0.5288,1.266546
16,cases,run,3,0.5671,1.028731
16,cases,run,3,0.6055,0.708526
16,cases,run,3,0.6438,0.408361
16,cases,run,3,0.6822,0.165497
16,cases,run,3,0.7205,0.037971
16,cases,run,3,0.7589,0.010746
16,cases,run,3,0.7973,0.022209
16,cases,run,3,0.8356,0.058746
16,cases,run,3,0.874,0.049432
16,cases,run,3,0.9123,0.020776
16,cases,run,3,0.9507,0.015761
16,cases,run,3,0.989,0.035105
16,cases,run,3,1.0274,0.106748
16,cases,run,3,1.0658,0.212064
16,cases,run,3,1.1041,0.316667
16,cases,run,3,1.1425,0.429149
16,cases,run,3,1.1808,0.480733
16,cases,run,3,1.2192,0.578885
16,cases,run,3,1.2575,0.626174
16,cases,run,3,1.2959,0.765877
16,cases,run,3,1.3342,0.972206
16,cases,run,3,1.3726,1.162793
16,cases,run,3,1.411,1.430774
16,cases,run,3,1.4493,1.657197
16,cases,run,3,1.4877,1.726032
16,cases,run,3,1.526,1.727486
16,cases,run,3,1.5644,1.324086
16,cases,run,3,1.6027,1.008122
16,cases,run,3,1.6411,0.544552
16,cases,run,3,1.6795,0.232154
16,cases,run,3,1.7178,0.050874
16,cases,run,3,1.7562,0.008598
16,cases,run,3,1.7945,0.037261
16,cases,run,3,1.8329,0.06019
16,cases,run,3,1.8712,0.064491
16,cases,run,3,1.9096,0.031529
16,cases,run,3,1.9479,0.015048
16,cases,run,3,1.9863,0.03798
16,cases,run,3,2.0247,0.128276
16,cases,run,3,2.063,0.255842
16,cases,run,3,2.1014,0.397021
16,cases,run,3,2.1397,0.535327
16,cases,run,3,2.1781,0.608439
16,cases,run,3,2.2164,0.699465
16,cases,run,3,2.2548,0.794765
16,cases,run,3,2.2932,0.915172
16,cases,run,3,2.3315,1.173157
16,cases,run,3,2.3699,1.355908
16,cases,run,3,2.4082,1.740045
16,cases,run,3,2.4466,2.003079
16,cases,run,3,2.4849,2.091244
16,cases,run,3,2.5233,1.947199
16,cases,run,3,2.5616,1.6505
16,cases,run,3,2.6,1.228381
16,cases,run,3,2.6384,0.715953
16,cases,run,3,2.6767,0.289535
16,cases,run,3,2.7151,0.072384
16,cases,run,3,2.7534,0.0215
16,cases,run,3,2.7918,0.043001
16,cases,run,3,2.8301,0.074537
16,cases,run,3,2.8685,0.068087
16,cases,run,3,2.9068,0.036552
16,cases,run,3,2.9452,0.015768
16,cases,run,3,2.9836,0.030102
16,cases,malariasim,,-3.0,0.068899
16,cases,malariasim,,-2.9616,0.184329
16,cases,malariasim,,-2.9233,0.317303
16,cases,malariasim,,-2.8849,0.456002
16,cases,malariasim,,-2.8466,0.575552
16,cases,malariasim,,-2.8082,0.658422
16,cases,malariasim,,-2.7699,0.726795
16,cases,malariasim,,-2.7315,0.84099
16,cases,malariasim,,-2.6932,0.978998
16,cases,malariasim,,-2.6548,1.206309
16,cases,malariasim,,-2.6164,1.460113
16,cases,malariasim,,-2.5781,1.723047
16,cases,malariasim,,-2.5397,1.941266
16,cases,malariasim,,-2.5014,1.959018
16,cases,malariasim,,-2.463,1.778802
16,cases,malariasim,,-2.4247,1.434977
16,cases,malariasim,,-2.3863,0.961034
16,cases,malariasim,,-2.3479,0.525183
16,cases,malariasim,,-2.3096,0.17882
16,cases,malariasim,,-2.2712,0.044213
16,cases,malariasim,,-2.2329,0.018616
16,cases,malariasim,,-2.1945,0.04851
16,cases,malariasim,,-2.1562,0.076794
16,cases,malariasim,,-2.1178,0.066055
16,cases,malariasim,,-2.0795,0.026135
16,cases,malariasim,,-2.0411,0.017901
16,cases,malariasim,,-2.0027,0.063193
16,cases,malariasim,,-1.9644,0.173649
16,cases,malariasim,,-1.926,0.318839
16,cases,malariasim,,-1.8877,0.479068
16,cases,malariasim,,-1.8493,0.602069
16,cases,malariasim,,-1.811,0.677624
16,cases,malariasim,,-1.7726,0.756581
16,cases,malariasim,,-1.7342,0.854694
16,cases,malariasim,,-1.6959,1.009032
16,cases,malariasim,,-1.6575,1.260944
16,cases,malariasim,,-1.6192,1.535079
16,cases,malariasim,,-1.5808,1.787002
16,cases,malariasim,,-1.5425,1.995417
16,cases,malariasim,,-1.5041,2.062953
16,cases,malariasim,,-1.4658,1.918136
16,cases,malariasim,,-1.4274,1.538036
16,cases,malariasim,,-1.389,1.055866
16,cases,malariasim,,-1.3507,0.56402
16,cases,malariasim,,-1.3123,0.218805
16,cases,malariasim,,-1.274,0.050315
16,cases,malariasim,,-1.2356,0.02292
16,cases,malariasim,,-1.1973,0.04781
16,cases,malariasim,,-1.1589,0.074312
16,cases,malariasim,,-1.1205,0.069836
16,cases,malariasim,,-1.0822,0.03259
16,cases,malariasim,,-1.0438,0.018624
16,cases,malariasim,,-1.0055,0.063929
16,cases,malariasim,,-0.9671,0.16851
16,cases,malariasim,,-0.9288,0.330042
16,cases,malariasim,,-0.8904,0.471873
16,cases,malariasim,,-0.8521,0.591685
16,cases,malariasim,,-0.8137,0.689472
16,cases,malariasim,,-0.7753,0.786724
16,cases,malariasim,,-0.737,0.894552
16,cases,malariasim,,-0.6986,1.024588
16,cases,malariasim,,-0.6603,1.242206
16,cases,malariasim,,-0.6219,1.566036
16,cases,malariasim,,-0.5836,1.849558
16,cases,malariasim,,-0.5452,2.037451
16,cases,malariasim,,-0.5068,2.099221
16,cases,malariasim,,-0.4685,1.959167
16,cases,malariasim,,-0.4301,1.608859
16,cases,malariasim,,-0.3918,1.123865
16,cases,malariasim,,-0.3534,0.599276
16,cases,malariasim,,-0.3151,0.237315
16,cases,malariasim,,-0.2767,0.05785
16,cases,malariasim,,-0.2384,0.021313
16,cases,malariasim,,-0.2,0.046389
16,cases,malariasim,,-0.1616,0.073078
16,cases,malariasim,,-0.1233,0.062511
16,cases,malariasim,,-0.0849,0.034568
16,cases,malariasim,,-0.0466,0.018807
16,cases,malariasim,,-0.0082,0.054273
16,cases,malariasim,,0.0301,0.141329
16,cases,malariasim,,0.0685,0.226233
16,cases,malariasim,,0.1068,0.31938
16,cases,malariasim,,0.1452,0.401964
16,cases,malariasim,,0.1836,0.476128
16,cases,malariasim,,0.2219,0.510164
16,cases,malariasim,,0.2603,0.558529
16,cases,malariasim,,0.2986,0.680882
16,cases,malariasim,,0.337,0.819364
16,cases,malariasim,,0.3753,0.990607
16,cases,malariasim,,0.4137,1.204495
16,cases,malariasim,,0.4521,1.346565
16,cases,malariasim,,0.4904,1.393513
16,cases,malariasim,,0.5288,1.311303
16,cases,malariasim,,0.5671,1.078251
16,cases,malariasim,,0.6055,0.746845
16,cases,malariasim,,0.6438,0.415615
16,cases,malariasim,,0.6822,0.161231
16,cases,malariasim,,0.7205,0.044967
16,cases,malariasim,,0.7589,0.013616
16,cases,malariasim,,0.7973,0.02526
16,cases,malariasim,,0.8356,0.052491
16,cases,malariasim,,0.874,0.047475
16,cases,malariasim,,0.9123,0.027949
16,cases,malariasim,,0.9507,0.014153
16,cases,malariasim,,0.989,0.032608
16,cases,malariasim,,1.0274,0.116636
16,cases,malariasim,,1.0658,0.227899
16,cases,malariasim,,1.1041,0.333068
16,cases,malariasim,,1.1425,0.435014
16,cases,malariasim,,1.1808,0.502568
16,cases,malariasim,,1.2192,0.590008
16,cases,malariasim,,1.2575,0.655229
16,cases,malariasim,,1.2959,0.774739
16,cases,malariasim,,1.3342,0.97543
16,cases,malariasim,,1.3726,1.175041
16,cases,malariasim,,1.411,1.432364
16,cases,malariasim,,1.4493,1.638074
16,cases,malariasim,,1.4877,1.720176
16,cases,malariasim,,1.526,1.664983
16,cases,malariasim,,1.5644,1.391929
16,cases,malariasim,,1.6027,1.029634
16,cases,malariasim,,1.6411,0.569473
16,cases,malariasim,,1.6795,0.247648
16,cases,malariasim,,1.7178,0.064691
16,cases,malariasim,,1.7562,0.015054
16,cases,malariasim,,1.7945,0.034226
16,cases,malariasim,,1.8329,0.062004
16,cases,malariasim,,1.8712,0.063797
16,cases,malariasim,,1.9096,0.034587
16,cases,malariasim,,1.9479,0.015413
16,cases,malariasim,,1.9863,0.047494
16,cases,malariasim,,2.0247,0.132442
16,cases,malariasim,,2.063,0.26399
16,cases,malariasim,,2.1014,0.40916
16,cases,malariasim,,2.1397,0.530314
16,cases,malariasim,,2.1781,0.600394
16,cases,malariasim,,2.2164,0.684272
16,cases,malariasim,,2.2548,0.775682
16,cases,malariasim,,2.2932,0.911724
16,cases,malariasim,,2.3315,1.124646
16,cases,malariasim,,2.3699,1.373803
16,cases,malariasim,,2.4082,1.714164
16,cases,malariasim,,2.4466,1.919033
16,cases,malariasim,,2.4849,2.007046
16,cases,malariasim,,2.5233,1.96585
16,cases,malariasim,,2.5616,1.648973
16,cases,malariasim,,2.6,1.210215
16,cases,malariasim,,2.6384,0.689883
16,cases,malariasim,,2.6767,0.292337
16,cases,malariasim,,2.7151,0.082273
16,cases,malariasim,,2.7534,0.024018
16,cases,malariasim,,2.7918,0.03764
16,cases,malariasim,,2.8301,0.069726
16,cases,malariasim,,2.8685,0.071699
16,cases,malariasim,,2.9068,0.038359
16,cases,malariasim,,2.9452,0.015057
16,cases,malariasim,,2.9836,0.032265
16,cases,pipeline,,-3.0,0.068592
16,cases,pipeline,,-2.9616,0.177661
16,cases,pipeline,,-2.9233,0.322153
16,cases,pipeline,,-2.8849,0.468243
16,cases,pipeline,,-2.8466,0.576328
16,cases,pipeline,,-2.8082,0.655995
16,cases,pipeline,,-2.7699,0.741902
16,cases,pipeline,,-2.7315,0.849515
16,cases,pipeline,,-2.6932,1.00341
16,cases,pipeline,,-2.6548,1.232357
16,cases,pipeline,,-2.6164,1.497706
16,cases,pipeline,,-2.5781,1.780679
16,cases,pipeline,,-2.5397,1.984736
16,cases,pipeline,,-2.5014,2.021853
16,cases,pipeline,,-2.463,1.853646
16,cases,pipeline,,-2.4247,1.494952
16,cases,pipeline,,-2.3863,1.003772
16,cases,pipeline,,-2.3479,0.529428
16,cases,pipeline,,-2.3096,0.183314
16,cases,pipeline,,-2.2712,0.049157
16,cases,pipeline,,-2.2329,0.019541
16,cases,pipeline,,-2.1945,0.049113
16,cases,pipeline,,-2.1562,0.07797
16,cases,pipeline,,-2.1178,0.062067
16,cases,pipeline,,-2.0795,0.028089
16,cases,pipeline,,-2.0411,0.016448
16,cases,pipeline,,-2.0027,0.060814
16,cases,pipeline,,-1.9644,0.189893
16,cases,pipeline,,-1.926,0.339057
16,cases,pipeline,,-1.8877,0.497321
16,cases,pipeline,,-1.8493,0.612262
16,cases,pipeline,,-1.811,0.699768
16,cases,pipeline,,-1.7726,0.780556
16,cases,pipeline,,-1.7342,0.881841
16,cases,pipeline,,-1.6959,1.046625
16,cases,pipeline,,-1.6575,1.285364
16,cases,pipeline,,-1.6192,1.565519
16,cases,pipeline,,-1.5808,1.848015
16,cases,pipeline,,-1.5425,2.058197
16,cases,pipeline,,-1.5041,2.108043
16,cases,pipeline,,-1.4658,1.94751
16,cases,pipeline,,-1.4274,1.582132
16,cases,pipeline,,-1.389,1.079581
16,cases,pipeline,,-1.3507,0.585932
16,cases,pipeline,,-1.3123,0.210813
16,cases,pipeline,,-1.274,0.057093
16,cases,pipeline,,-1.2356,0.019096
16,cases,pipeline,,-1.1973,0.047552
16,cases,pipeline,,-1.1589,0.078484
16,cases,pipeline,,-1.1205,0.06534
16,cases,pipeline,,-1.0822,0.032388
16,cases,pipeline,,-1.0438,0.017833
16,cases,pipeline,,-1.0055,0.058804
16,cases,pipeline,,-0.9671,0.179558
16,cases,pipeline,,-0.9288,0.32822
16,cases,pipeline,,-0.8904,0.492721
16,cases,pipeline,,-0.8521,0.612792
16,cases,pipeline,,-0.8137,0.703593
16,cases,pipeline,,-0.7753,0.785794
16,cases,pipeline,,-0.737,0.88997
16,cases,pipeline,,-0.6986,1.051312
16,cases,pipeline,,-0.6603,1.293705
16,cases,pipeline,,-0.6219,1.587103
16,cases,pipeline,,-0.5836,1.878551
16,cases,pipeline,,-0.5452,2.105716
16,cases,pipeline,,-0.5068,2.167924
16,cases,pipeline,,-0.4685,2.014358
16,cases,pipeline,,-0.4301,1.644789
16,cases,pipeline,,-0.3918,1.137666
16,cases,pipeline,,-0.3534,0.626608
16,cases,pipeline,,-0.3151,0.23372
16,cases,pipeline,,-0.2767,0.059207
16,cases,pipeline,,-0.2384,0.01924
16,cases,pipeline,,-0.2,0.046364
16,cases,pipeline,,-0.1616,0.079003
16,cases,pipeline,,-0.1233,0.067385
16,cases,pipeline,,-0.0849,0.034796
16,cases,pipeline,,-0.0466,0.017858
16,cases,pipeline,,-0.0082,0.056262
16,cases,pipeline,,0.0301,0.130409
16,cases,pipeline,,0.0685,0.222069
16,cases,pipeline,,0.1068,0.292418
16,cases,pipeline,,0.1452,0.374188
16,cases,pipeline,,0.1836,0.42154
16,cases,pipeline,,0.2219,0.467063
16,cases,pipeline,,0.2603,0.525835
16,cases,pipeline,,0.2986,0.614815
16,cases,pipeline,,0.337,0.74575
16,cases,pipeline,,0.3753,0.921414
16,cases,pipeline,,0.4137,1.102762
16,cases,pipeline,,0.4521,1.254001
16,cases,pipeline,,0.4904,1.308275
16,cases,pipeline,,0.5288,1.246823
16,cases,pipeline,,0.5671,1.044446
16,cases,pipeline,,0.6055,0.7231
16,cases,pipeline,,0.6438,0.401992
16,cases,pipeline,,0.6822,0.144143
16,cases,pipeline,,0.7205,0.04156
16,cases,pipeline,,0.7589,0.011701
16,cases,pipeline,,0.7973,0.0264
16,cases,pipeline,,0.8356,0.044744
16,cases,pipeline,,0.874,0.040794
16,cases,pipeline,,0.9123,0.017221
16,cases,pipeline,,0.9507,0.005534
16,cases,pipeline,,0.989,0.033876
16,cases,pipeline,,1.0274,0.109095
16,cases,pipeline,,1.0658,0.230006
16,cases,pipeline,,1.1041,0.350292
16,cases,pipeline,,1.1425,0.451262
16,cases,pipeline,,1.1808,0.517967
16,cases,pipeline,,1.2192,0.577013
16,cases,pipeline,,1.2575,0.65365
16,cases,pipeline,,1.2959,0.770367
16,cases,pipeline,,1.3342,0.94459
16,cases,pipeline,,1.3726,1.174493
16,cases,pipeline,,1.411,1.422868
16,cases,pipeline,,1.4493,1.628329
16,cases,pipeline,,1.4877,1.719893
16,cases,pipeline,,1.526,1.662335
16,cases,pipeline,,1.5644,1.417782
16,cases,pipeline,,1.6027,1.008595
16,cases,pipeline,,1.6411,0.577127
16,cases,pipeline,,1.6795,0.23209
16,cases,pipeline,,1.7178,0.057797
16,cases,pipeline,,1.7562,0.014539
16,cases,pipeline,,1.7945,0.030374
16,cases,pipeline,,1.8329,0.058219
16,cases,pipeline,,1.8712,0.054842
16,cases,pipeline,,1.9096,0.030373
16,cases,pipeline,,1.9479,0.012366
16,cases,pipeline,,1.9863,0.039153
16,cases,pipeline,,2.0247,0.121039
16,cases,pipeline,,2.063,0.253578
16,cases,pipeline,,2.1014,0.395651
16,cases,pipeline,,2.1397,0.522724
16,cases,pipeline,,2.1781,0.60947
16,cases,pipeline,,2.2164,0.688743
16,cases,pipeline,,2.2548,0.781292
16,cases,pipeline,,2.2932,0.911349
16,cases,pipeline,,2.3315,1.11664
16,cases,pipeline,,2.3699,1.393991
16,cases,pipeline,,2.4082,1.693098
16,cases,pipeline,,2.4466,1.924205
16,cases,pipeline,,2.4849,2.012677
16,cases,pipeline,,2.5233,1.938519
16,cases,pipeline,,2.5616,1.644868
16,cases,pipeline,,2.6,1.187543
16,cases,pipeline,,2.6384,0.693193
16,cases,pipeline,,2.6767,0.28914
16,cases,pipeline,,2.7151,0.073438
16,cases,pipeline,,2.7534,0.020692
16,cases,pipeline,,2.7918,0.034497
16,cases,pipeline,,2.8301,0.064463
16,cases,pipeline,,2.8685,0.061404
16,cases,pipeline,,2.9068,0.035598
16,cases,pipeline,,2.9452,0.009906
16,cases,pipeline,,2.9836,0.028136
16,cases,emulator,,-3.0,0.068462
16,cases,emulator,,-2.9616,0.177301
16,cases,emulator,,-2.9233,0.321622
16,cases,emulator,,-2.8849,0.467337
16,cases,emulator,,-2.8466,0.575166
16,cases,emulator,,-2.8082,0.654645
16,cases,emulator,,-2.7699,0.740402
16,cases,emulator,,-2.7315,0.847788
16,cases,emulator,,-2.6932,1.001307
16,cases,emulator,,-2.6548,1.229724
16,cases,emulator,,-2.6164,1.494505
16,cases,emulator,,-2.5781,1.776875
16,cases,emulator,,-2.5397,1.980633
16,cases,emulator,,-2.5014,2.017779
16,cases,emulator,,-2.463,1.850014
16,cases,emulator,,-2.4247,1.49215
16,cases,emulator,,-2.3863,1.001961
16,cases,emulator,,-2.3479,0.528488
16,cases,emulator,,-2.3096,0.183016
16,cases,emulator,,-2.2712,0.049074
16,cases,emulator,,-2.2329,0.019518
16,cases,emulator,,-2.1945,0.04904
16,cases,emulator,,-2.1562,0.077864
16,cases,emulator,,-2.1178,0.061953
16,cases,emulator,,-2.0795,0.028011
16,cases,emulator,,-2.0411,0.016388
16,cases,emulator,,-2.0027,0.060681
16,cases,emulator,,-1.9644,0.189585
16,cases,emulator,,-1.926,0.338538
16,cases,emulator,,-1.8877,0.496461
16,cases,emulator,,-1.8493,0.611175
16,cases,emulator,,-1.811,0.698508
16,cases,emulator,,-1.7726,0.779118
16,cases,emulator,,-1.7342,0.880154
16,cases,emulator,,-1.6959,1.04458
16,cases,emulator,,-1.6575,1.282826
16,cases,emulator,,-1.6192,1.562458
16,cases,emulator,,-1.5808,1.84441
16,cases,emulator,,-1.5425,2.05425
16,cases,emulator,,-1.5041,2.104099
16,cases,emulator,,-1.4658,1.943976
16,cases,emulator,,-1.4274,1.579361
16,cases,emulator,,-1.389,1.077748
16,cases,emulator,,-1.3507,0.58498
16,cases,emulator,,-1.3123,0.210468
16,cases,emulator,,-1.274,0.057018
16,cases,emulator,,-1.2356,0.019068
16,cases,emulator,,-1.1973,0.047478
16,cases,emulator,,-1.1589,0.07838
16,cases,emulator,,-1.1205,0.065245
16,cases,emulator,,-1.0822,0.032322
16,cases,emulator,,-1.0438,0.017786
16,cases,emulator,,-1.0055,0.058691
16,cases,emulator,,-0.9671,0.179264
16,cases,emulator,,-0.9288,0.327733
16,cases,emulator,,-0.8904,0.491893
16,cases,emulator,,-0.8521,0.611732
16,cases,emulator,,-0.8137,0.702365
16,cases,emulator,,-0.7753,0.784399
16,cases,emulator,,-0.737,0.888331
16,cases,emulator,,-0.6986,1.049341
16,cases,emulator,,-0.6603,1.291267
16,cases,emulator,,-0.6219,1.58416
16,cases,emulator,,-0.5836,1.875082
16,cases,emulator,,-0.5452,2.101859
16,cases,emulator,,-0.5068,2.164065
16,cases,emulator,,-0.4685,2.010876
16,cases,emulator,,-0.4301,1.64201
16,cases,emulator,,-0.3918,1.135822
16,cases,emulator,,-0.3534,0.625631
16,cases,emulator,,-0.3151,0.233372
16,cases,emulator,,-0.2767,0.059132
16,cases,emulator,,-0.2384,0.019212
16,cases,emulator,,-0.2,0.046294
16,cases,emulator,,-0.1616,0.078902
16,cases,emulator,,-0.1233,0.067293
16,cases,emulator,,-0.0849,0.034736
16,cases,emulator,,-0.0466,0.01782
16,cases,emulator,,-0.0082,0.056164
16,cases,emulator,,0.0301,0.130175
16,cases,emulator,,0.0685,0.221716
16,cases,emulator,,0.1068,0.291913
16,cases,emulator,,0.1452,0.373461
16,cases,emulator,,0.1836,0.420672
16,cases,emulator,,0.2219,0.466089
16,cases,emulator,,0.2603,0.524713
16,cases,emulator,,0.2986,0.613489
16,cases,emulator,,0.337,0.744132
16,cases,emulator,,0.3753,0.919424
16,cases,emulator,,0.4137,1.10039
16,cases,emulator,,0.4521,1.251335
16,cases,emulator,,0.4904,1.305524
16,cases,emulator,,0.5288,1.244262
16,cases,emulator,,0.5671,1.042302
16,cases,emulator,,0.6055,0.721597
16,cases,emulator,,0.6438,0.401117
16,cases,emulator,,0.6822,0.143821
16,cases,emulator,,0.7205,0.041479
16,cases,emulator,,0.7589,0.011669
16,cases,emulator,,0.7973,0.026355
16,cases,emulator,,0.8356,0.044666
16,cases,emulator,,0.874,0.04071
16,cases,emulator,,0.9123,0.017178
16,cases,emulator,,0.9507,0.005512
16,cases,emulator,,0.989,0.033814
16,cases,emulator,,1.0274,0.108873
16,cases,emulator,,1.0658,0.229608
16,cases,emulator,,1.1041,0.349648
16,cases,emulator,,1.1425,0.450406
16,cases,emulator,,1.1808,0.516949
16,cases,emulator,,1.2192,0.575837
16,cases,emulator,,1.2575,0.652283
16,cases,emulator,,1.2959,0.76874
16,cases,emulator,,1.3342,0.942586
16,cases,emulator,,1.3726,1.172014
16,cases,emulator,,1.411,1.419899
16,cases,emulator,,1.4493,1.624976
16,cases,emulator,,1.4877,1.716439
16,cases,emulator,,1.526,1.659111
16,cases,emulator,,1.5644,1.415097
16,cases,emulator,,1.6027,1.006711
16,cases,emulator,,1.6411,0.576064
16,cases,emulator,,1.6795,0.231643
16,cases,emulator,,1.7178,0.057714
16,cases,emulator,,1.7562,0.014496
16,cases,emulator,,1.7945,0.030321
16,cases,emulator,,1.8329,0.058111
16,cases,emulator,,1.8712,0.054736
16,cases,emulator,,1.9096,0.030313
16,cases,emulator,,1.9479,0.012339
16,cases,emulator,,1.9863,0.039082
16,cases,emulator,,2.0247,0.120789
16,cases,emulator,,2.063,0.25311
16,cases,emulator,,2.1014,0.3949
16,cases,emulator,,2.1397,0.521729
16,cases,emulator,,2.1781,0.608275
16,cases,emulator,,2.2164,0.687364
16,cases,emulator,,2.2548,0.779688
16,cases,emulator,,2.2932,0.909439
16,cases,emulator,,2.3315,1.114268
16,cases,emulator,,2.3699,1.39106
16,cases,emulator,,2.4082,1.689628
16,cases,emulator,,2.4466,1.920351
16,cases,emulator,,2.4849,2.008746
16,cases,emulator,,2.5233,1.934882
16,cases,emulator,,2.5616,1.64188
16,cases,emulator,,2.6,1.185458
16,cases,emulator,,2.6384,0.692008
16,cases,emulator,,2.6767,0.288651
16,cases,emulator,,2.7151,0.073317
16,cases,emulator,,2.7534,0.020655
16,cases,emulator,,2.7918,0.034438
16,cases,emulator,,2.8301,0.064347
16,cases,emulator,,2.8685,0.061289
16,cases,emulator,,2.9068,0.035528
16,cases,emulator,,2.9452,0.009882
16,cases,emulator,,2.9836,0.028088
20,prevalence,run,0,-3.0,0.069536
20,prevalence,run,0,-2.9616,0.072442
20,prevalence,run,0,-2.9233,0.070124
20,prevalence,run,0,-2.8849,0.067548
20,prevalence,run,0,-2.8466,0.065204
20,prevalence,run,0,-2.8082,0.062952
20,prevalence,run,0,-2.7699,0.060273
20,prevalence,run,0,-2.7315,0.0579
20,prevalence,run,0,-2.6932,0.056188
20,prevalence,run,0,-2.6548,0.05466
20,prevalence,run,0,-2.6164,0.053812
20,prevalence,run,0,-2.5781,0.052726
20,prevalence,run,0,-2.5397,0.052239
20,prevalence,run,0,-2.5014,0.052395
20,prevalence,run,0,-2.463,0.053133
20,prevalence,run,0,-2.4247,0.053392
20,prevalence,run,0,-2.3863,0.054317
20,prevalence,run,0,-2.3479,0.055807
20,prevalence,run,0,-2.3096,0.057997
20,prevalence,run,0,-2.2712,0.05974
20,prevalence,run,0,-2.2329,0.0611
20,prevalence,run,0,-2.1945,0.062968
20,prevalence,run,0,-2.1562,0.06511
20,prevalence,run,0,-2.1178,0.065286
20,prevalence,run,0,-2.0795,0.066476
20,prevalence,run,0,-2.0411,0.069492
20,prevalence,run,0,-2.0027,0.073083
20,prevalence,run,0,-1.9644,0.076486
20,prevalence,run,0,-1.926,0.075081
20,prevalence,run,0,-1.8877,0.071957
20,prevalence,run,0,-1.8493,0.068735
20,prevalence,run,0,-1.811,0.066159
20,prevalence,run,0,-1.7726,0.063747
20,prevalence,run,0,-1.7342,0.061096
20,prevalence,run,0,-1.6959,0.059315
20,prevalence,run,0,-1.6575,0.057843
20,prevalence,run,0,-1.6192,0.056045
20,prevalence,run,0,-1.5808,0.054898
20,prevalence,run,0,-1.5425,0.053776
20,prevalence,run,0,-1.5041,0.053619
20,prevalence,run,0,-1.4658,0.053559
20,prevalence,run,0,-1.4274,0.05465
20,prevalence,run,0,-1.389,0.055797
20,prevalence,run,0,-1.3507,0.058208
20,prevalence,run,0,-1.3123,0.061236
20,prevalence,run,0,-1.274,0.063802
20,prevalence,run,0,-1.2356,0.064772
20,prevalence,run,0,-1.1973,0.064871
20,prevalence,run,0,-1.1589,0.065488
20,prevalence,run,0,-1.1205,0.066136
20,prevalence,run,0,-1.0822,0.067577
20,prevalence,run,0,-1.0438,0.070629
20,prevalence,run,0,-1.0055,0.074872
20,prevalence,run,0,-0.9671,0.078723
20,prevalence,run,0,-0.9288,0.077277
20,prevalence,run,0,-0.8904,0.074469
20,prevalence,run,0,-0.8521,0.072163
20,prevalence,run,0,-0.8137,0.069238
20,prevalence,run,0,-0.7753,0.066311
20,prevalence,run,0,-0.737,0.063974
20,prevalence,run,0,-0.6986,0.062564
20,prevalence,run,0,-0.6603,0.061522
20,prevalence,run,0,-0.6219,0.059689
20,prevalence,run,0,-0.5836,0.057996
20,prevalence,run,0,-0.5452,0.057988
20,prevalence,run,0,-0.5068,0.058515
20,prevalence,run,0,-0.4685,0.058296
20,prevalence,run,0,-0.4301,0.059282
20,prevalence,run,0,-0.3918,0.060324
20,prevalence,run,0,-0.3534,0.062051
20,prevalence,run,0,-0.3151,0.064642
20,prevalence,run,0,-0.2767,0.065642
20,prevalence,run,0,-0.2384,0.067842
20,prevalence,run,0,-0.2,0.070157
20,prevalence,run,0,-0.1616,0.070867
20,prevalence,run,0,-0.1233,0.071408
20,prevalence,run,0,-0.0849,0.072423
20,prevalence,run,0,-0.0466,0.076655
20,prevalence,run,0,-0.0082,0.080636
20,prevalence,run,0,0.0301,0.085251
20,prevalence,run,0,0.0685,0.083192
20,prevalence,run,0,0.1068,0.079918
20,prevalence,run,0,0.1452,0.076824
20,prevalence,run,0,0.1836,0.07463
20,prevalence,run,0,0.2219,0.070969
20,prevalence,run,0,0.2603,0.068875
20,prevalence,run,0,0.2986,0.066105
20,prevalence,run,0,0.337,0.063541
20,prevalence,run,0,0.3753,0.06166
20,prevalence,run,0,0.4137,0.060047
20,prevalence,run,0,0.4521,0.058004
20,prevalence,run,0,0.4904,0.057317
20,prevalence,run,0,0.5288,0.056734
20,prevalence,run,0,0.5671,0.056764
20,prevalence,run,0,0.6055,0.058479
20,prevalence,run,0,0.6438,0.059603
20,prevalence,run,0,0.6822,0.061044
20,prevalence,run,0,0.7205,0.063235
20,prevalence,run,0,0.7589,0.064229
20,prevalence,run,0,0.7973,0.065602
20,prevalence,run,0,0.8356,0.065348
20,prevalence,run,0,0.874,0.065681
20,prevalence,run,0,0.9123,0.067761
20,prevalence,run,0,0.9507,0.070426
20,prevalence,run,0,0.989,0.074371
20,prevalence,run,0,1.0274,0.078105
20,prevalence,run,0,1.0658,0.076964
20,prevalence,run,0,1.1041,0.073588
20,prevalence,run,0,1.1425,0.071853
20,prevalence,run,0,1.1808,0.069297
20,prevalence,run,0,1.2192,0.066907
20,prevalence,run,0,1.2575,0.065075
20,prevalence,run,0,1.2959,0.063019
20,prevalence,run,0,1.3342,0.061006
20,prevalence,run,0,1.3726,0.059595
20,prevalence,run,0,1.411,0.057744
20,prevalence,run,0,1.4493,0.057074
20,prevalence,run,0,1.4877,0.056842
20,prevalence,run,0,1.526,0.056752
20,prevalence,run,0,1.5644,0.058269
20,prevalence,run,0,1.6027,0.060308
20,prevalence,run,0,1.6411,0.061721
20,prevalence,run,0,1.6795,0.064383
20,prevalence,run,0,1.7178,0.066461
20,prevalence,run,0,1.7562,0.06707
20,prevalence,run,0,1.7945,0.067443
20,prevalence,run,0,1.8329,0.067921
20,prevalence,run,0,1.8712,0.068395
20,prevalence,run,0,1.9096,0.06972
20,prevalence,run,0,1.9479,0.072908
20,prevalence,run,0,1.9863,0.076739
20,prevalence,run,0,2.0247,0.081061
20,prevalence,run,0,2.063,0.080541
20,prevalence,run,0,2.1014,0.076989
20,prevalence,run,0,2.1397,0.07352
20,prevalence,run,0,2.1781,0.069763
20,prevalence,run,0,2.2164,0.066701
20,prevalence,run,0,2.2548,0.063978
20,prevalence,run,0,2.2932,0.062379
20,prevalence,run,0,2.3315,0.060761
20,prevalence,run,0,2.3699,0.060203
20,prevalence,run,0,2.4082,0.059507
20,prevalence,run,0,2.4466,0.057975
20,prevalence,run,0,2.4849,0.056901
20,prevalence,run,0,2.5233,0.057108
20,prevalence,run,0,2.5616,0.057562
20,prevalence,run,0,2.6,0.05924
20,prevalence,run,0,2.6384,0.060509
20,prevalence,run,0,2.6767,0.062235
20,prevalence,run,0,2.7151,0.064075
20,prevalence,run,0,2.7534,0.065621
20,prevalence,run,0,2.7918,0.065737
20,prevalence,run,0,2.8301,0.066531
20,prevalence,run,0,2.8685,0.067452
20,prevalence,run,0,2.9068,0.069035
20,prevalence,run,0,2.9452,0.071617
20,prevalence,run,0,2.9836,0.074782
20,prevalence,run,1,-3.0,0.068181
20,prevalence,run,1,-2.9616,0.07086
20,prevalence,run,1,-2.9233,0.069279
20,prevalence,run,1,-2.8849,0.065917
20,prevalence,run,1,-2.8466,0.062899
20,prevalence,run,1,-2.8082,0.06035
20,prevalence,run,1,-2.7699,0.057668
20,prevalence,run,1,-2.7315,0.055049
20,prevalence,run,1,-2.6932,0.053117
20,prevalence,run,1,-2.6548,0.05119
20,prevalence,run,1,-2.6164,0.049843
20,prevalence,run,1,-2.5781,0.048425
20,prevalence,run,1,-2.5397,0.047791
20,prevalence,run,1,-2.5014,0.047845
20,prevalence,run,1,-2.463,0.04897
20,prevalence,run,1,-2.4247,0.05094
20,prevalence,run,1,-2.3863,0.05165
20,prevalence,run,1,-2.3479,0.052692
20,prevalence,run,1,-2.3096,0.054603
20,prevalence,run,1,-2.2712,0.057351
20,prevalence,run,1,-2.2329,0.058434
20,prevalence,run,1,-2.1945,0.059801
20,prevalence,run,1,-2.1562,0.05947
20,prevalence,run,1,-2.1178,0.060211
20,prevalence,run,1,-2.0795,0.061829
20,prevalence,run,1,-2.0411,0.063607
20,prevalence,run,1,-2.0027,0.068252
20,prevalence,run,1,-1.9644,0.071309
20,prevalence,run,1,-1.926,0.070191
20,prevalence,run,1,-1.8877,0.067288
20,prevalence,run,1,-1.8493,0.064111
20,prevalence,run,1,-1.811,0.062071
20,prevalence,run,1,-1.7726,0.060042
20,prevalence,run,1,-1.7342,0.058335
20,prevalence,run,1,-1.6959,0.055824
20,prevalence,run,1,-1.6575,0.054005
20,prevalence,run,1,-1.6192,0.05279
20,prevalence,run,1,-1.5808,0.052393
20,prevalence,run,1,-1.5425,0.052583
20,prevalence,run,1,-1.5041,0.052429
20,prevalence,run,1,-1.4658,0.053043
20,prevalence,run,1,-1.4274,0.055163
20,prevalence,run,1,-1.389,0.056472
20,prevalence,run,1,-1.3507,0.058559
20,prevalence,run,1,-1.3123,0.060658
20,prevalence,run,1,-1.274,0.061869
20,prevalence,run,1,-1.2356,0.06332
20,prevalence,run,1,-1.1973,0.062995
20,prevalence,run,1,-1.1589,0.063778
20,prevalence,run,1,-1.1205,0.063834
20,prevalence,run,1,-1.0822,0.064177
20,prevalence,run,1,-1.0438,0.066544
20,prevalence,run,1,-1.0055,0.071978
20,prevalence,run,1,-0.9671,0.076958
20,prevalence,run,1,-0.9288,0.075667
20,prevalence,run,1,-0.8904,0.073165
20,prevalence,run,1,-0.8521,0.070586
20,prevalence,run,1,-0.8137,0.067679
20,prevalence,run,1,-0.7753,0.065513
20,prevalence,run,1,-0.737,0.063762
20,prevalence,run,1,-0.6986,0.062682
20,prevalence,run,1,-0.6603,0.060425
20,prevalence,run,1,-0.6219,0.058152
20,prevalence,run,1,-0.5836,0.057443
20,prevalence,run,1,-0.5452,0.055715
20,prevalence,run,1,-0.5068,0.055632
20,prevalence,run,1,-0.4685,0.056626
20,prevalence,run,1,-0.4301,0.057952
20,prevalence,run,1,-0.3918,0.060229
20,prevalence,run,1,-0.3534,0.062258
20,prevalence,run,1,-0.3151,0.064279
20,prevalence,run,1,-0.2767,0.067229
20,prevalence,run,1,-0.2384,0.069249
20,prevalence,run,1,-0.2,0.070067
20,prevalence,run,1,-0.1616,0.069095
20,prevalence,run,1,-0.1233,0.068635
20,prevalence,run,1,-0.0849,0.069622
20,prevalence,run,1,-0.0466,0.072428
20,prevalence,run,1,-0.0082,0.07576
20,prevalence,run,1,0.0301,0.080059
20,prevalence,run,1,0.0685,0.079187
20,prevalence,run,1,0.1068,0.076384
20,prevalence,run,1,0.1452,0.073029
20,prevalence,run,1,0.1836,0.070311
20,prevalence,run,1,0.2219,0.066817
20,prevalence,run,1,0.2603,0.063874
20,prevalence,run,1,0.2986,0.061659
20,prevalence,run,1,0.337,0.060163
20,prevalence,run,1,0.3753,0.058378
20,prevalence,run,1,0.4137,0.057432
20,prevalence,run,1,0.4521,0.05593
20,prevalence,run,1,0.4904,0.055456
20,prevalence,run,1,0.5288,0.05554
20,prevalence,run,1,0.5671,0.055958
20,prevalence,run,1,0.6055,0.057465
20,prevalence,run,1,0.6438,0.059663
20,prevalence,run,1,0.6822,0.061403
20,prevalence,run,1,0.7205,0.063227
20,prevalence,run,1,0.7589,0.064926
20,prevalence,run,1,0.7973,0.065914
20,prevalence,run,1,0.8356,0.066589
20,prevalence,run,1,0.874,0.067835
20,prevalence,run,1,0.9123,0.068636
20,prevalence,run,1,0.9507,0.06973
20,prevalence,run,1,0.989,0.074152
20,prevalence,run,1,1.0274,0.078051
20,prevalence,run,1,1.0658,0.077593
20,prevalence,run,1,1.1041,0.074797
20,prevalence,run,1,1.1425,0.072679
20,prevalence,run,1,1.1808,0.070864
20,prevalence,run,1,1.2192,0.067876
20,prevalence,run,1,1.2575,0.064502
20,prevalence,run,1,1.2959,0.062225
20,prevalence,run,1,1.3342,0.060558
20,prevalence,run,1,1.3726,0.059543
20,prevalence,run,1,1.411,0.059018
20,prevalence,run,1,1.4493,0.05809
20,prevalence,run,1,1.4877,0.057098
20,prevalence,run,1,1.526,0.056917
20,prevalence,run,1,1.5644,0.057132
20,prevalence,run,1,1.6027,0.058744
20,prevalence,run,1,1.6411,0.061436
20,prevalence,run,1,1.6795,0.063137
20,prevalence,run,1,1.7178,0.063939
20,prevalence,run,1,1.7562,0.065724
20,prevalence,run,1,1.7945,0.066759
20,prevalence,run,1,1.8329,0.067233
20,prevalence,run,1,1.8712,0.067036
20,prevalence,run,1,1.9096,0.068641
20,prevalence,run,1,1.9479,0.071155
20,prevalence,run,1,1.9863,0.075991
20,prevalence,run,1,2.0247,0.081143
20,prevalence,run,1,2.063,0.080933
20,prevalence,run,1,2.1014,0.078138
20,prevalence,run,1,2.1397,0.07467
20,prevalence,run,1,2.1781,0.072123
20,prevalence,run,1,2.2164,0.069511
20,prevalence,run,1,2.2548,0.066588
20,prevalence,run,1,2.2932,0.064618
20,prevalence,run,1,2.3315,0.063059
20,prevalence,run,1,2.3699,0.062945
20,prevalence,run,1,2.4082,0.06224
20,prevalence,run,1,2.4466,0.062028
20,prevalence,run,1,2.4849,0.061523
20,prevalence,run,1,2.5233,0.060563
20,prevalence,run,1,2.5616,0.06118
20,prevalence,run,1,2.6,0.061043
20,prevalence,run,1,2.6384,0.061763
20,prevalence,run,1,2.6767,0.064028
20,prevalence,run,1,2.7151,0.066462
20,prevalence,run,1,2.7534,0.068259
20,prevalence,run,1,2.7918,0.069538
20,prevalence,run,1,2.8301,0.069252
20,prevalence,run,1,2.8685,0.068688
20,prevalence,run,1,2.9068,0.069747
20,prevalence,run,1,2.9452,0.0728
20,prevalence,run,1,2.9836,0.076068
20,prevalence,run,2,-3.0,0.070182
20,prevalence,run,2,-2.9616,0.072679
20,prevalence,run,2,-2.9233,0.070795
20,prevalence,run,2,-2.8849,0.068221
20,prevalence,run,2,-2.8466,0.065511
20,prevalence,run,2,-2.8082,0.063329
20,prevalence,run,2,-2.7699,0.061122
20,prevalence,run,2,-2.7315,0.059127
20,prevalence,run,2,-2.6932,0.057058
20,prevalence,run,2,-2.6548,0.056233
20,prevalence,run,2,-2.6164,0.055969
20,prevalence,run,2,-2.5781,0.054893
20,prevalence,run,2,-2.5397,0.052866
20,prevalence,run,2,-2.5014,0.052276
20,prevalence,run,2,-2.463,0.052449
20,prevalence,run,2,-2.4247,0.052685
20,prevalence,run,2,-2.3863,0.054809
20,prevalence,run,2,-2.3479,0.055952
20,prevalence,run,2,-2.3096,0.05794
20,prevalence,run,2,-2.2712,0.05984
20,prevalence,run,2,-2.2329,0.060898
20,prevalence,run,2,-2.1945,0.061422
20,prevalence,run,2,-2.1562,0.061647
20,prevalence,run,2,-2.1178,0.062053
20,prevalence,run,2,-2.0795,0.063466
20,prevalence,run,2,-2.0411,0.066543
20,prevalence,run,2,-2.0027,0.070806
20,prevalence,run,2,-1.9644,0.074178
20,prevalence,run,2,-1.926,0.073163
20,prevalence,run,2,-1.8877,0.070485
20,prevalence,run,2,-1.8493,0.067451
20,prevalence,run,2,-1.811,0.065875
20,prevalence,run,2,-1.7726,0.065089
20,prevalence,run,2,-1.7342,0.062969
20,prevalence,run,2,-1.6959,0.061689
20,prevalence,run,2,-1.6575,0.059658
20,prevalence,run,2,-1.6192,0.057306
20,prevalence,run,2,-1.5808,0.055686
20,prevalence,run,2,-1.5425,0.055643
20,prevalence,run,2,-1.5041,0.055921
20,prevalence,run,2,-1.4658,0.0561
20,prevalence,run,2,-1.4274,0.057018
20,prevalence,run,2,-1.389,0.058816
20,prevalence,run,2,-1.3507,0.060058
20,prevalence,run,2,-1.3123,0.061537
20,prevalence,run,2,-1.274,0.06245
20,prevalence,run,2,-1.2356,0.063669
20,prevalence,run,2,-1.1973,0.063744
20,prevalence,run,2,-1.1589,0.065054
20,prevalence,run,2,-1.1205,0.066164
20,prevalence,run,2,-1.0822,0.068026
20,prevalence,run,2,-1.0438,0.071754
20,prevalence,run,2,-1.0055,0.076341
20,prevalence,run,2,-0.9671,0.080336
20,prevalence,run,2,-0.9288,0.079333
20,prevalence,run,2,-0.8904,0.076164
20,prevalence,run,2,-0.8521,0.072311
20,prevalence,run,2,-0.8137,0.069798
20,prevalence,run,2,-0.7753,0.067087
20,prevalence,run,2,-0.737,0.064277
20,prevalence,run,2,-0.6986,0.062879
20,prevalence,run,2,-0.6603,0.061524
20,prevalence,run,2,-0.6219,0.060656
20,prevalence,run,2,-0.5836,0.058877
20,prevalence,run,2,-0.5452,0.057677
20,prevalence,run,2,-0.5068,0.058359
20,prevalence,run,2,-0.4685,0.058598
20,prevalence,run,2,-0.4301,0.059575
20,prevalence,run,2,-0.3918,0.061734
20,prevalence,run,2,-0.3534,0.064861
20,prevalence,run,2,-0.3151,0.067782
20,prevalence,run,2,-0.2767,0.06979
20,prevalence,run,2,-0.2384,0.070538
20,prevalence,run,2,-0.2,0.072599
20,prevalence,run,2,-0.1616,0.072825
20,prevalence,run,2,-0.1233,0.073192
20,prevalence,run,2,-0.0849,0.073948
20,prevalence,run,2,-0.0466,0.076338
20,prevalence,run,2,-0.0082,0.080969
20,prevalence,run,2,0.0301,0.08523
20,prevalence,run,2,0.0685,0.081902
20,prevalence,run,2,0.1068,0.078336
20,prevalence,run,2,0.1452,0.074767
20,prevalence,run,2,0.1836,0.071319
20,prevalence,run,2,0.2219,0.068743
20,prevalence,run,2,0.2603,0.066028
20,prevalence,run,2,0.2986,0.064032
20,prevalence,run,2,0.337,0.062169
20,prevalence,run,2,0.3753,0.059305
20,prevalence,run,2,0.4137,0.057649
20,prevalence,run,2,0.4521,0.056894
20,prevalence,run,2,0.4904,0.057252
20,prevalence,run,2,0.5288,0.057761
20,prevalence,run,2,0.5671,0.058685
20,prevalence,run,2,0.6055,0.059601
20,prevalence,run,2,0.6438,0.061172
20,prevalence,run,2,0.6822,0.063396
20,prevalence,run,2,0.7205,0.064486
20,prevalence,run,2,0.7589,0.064982
20,prevalence,run,2,0.7973,0.0659
20,prevalence,run,2,0.8356,0.066438
20,prevalence,run,2,0.874,0.067336
20,prevalence,run,2,0.9123,0.068327
20,prevalence,run,2,0.9507,0.070896
20,prevalence,run,2,0.989,0.073653
20,prevalence,run,2,1.0274,0.07881
20,prevalence,run,2,1.0658,0.07793
20,prevalence,run,2,1.1041,0.075041
20,prevalence,run,2,1.1425,0.07267
20,prevalence,run,2,1.1808,0.07022
20,prevalence,run,2,1.2192,0.067768
20,prevalence,run,2,1.2575,0.065442
20,prevalence,run,2,1.2959,0.062764
20,prevalence,run,2,1.3342,0.061039
20,prevalence,run,2,1.3726,0.059216
20,prevalence,run,2,1.411,0.0577
20,prevalence,run,2,1.4493,0.056412
20,prevalence,run,2,1.4877,0.056289
20,prevalence,run,2,1.526,0.057052
20,prevalence,run,2,1.5644,0.057448
20,prevalence,run,2,1.6027,0.058851
20,prevalence,run,2,1.6411,0.060463
20,prevalence,run,2,1.6795,0.063299
20,prevalence,run,2,1.7178,0.065925
20,prevalence,run,2,1.7562,0.066874
20,prevalence,run,2,1.7945,0.067329
20,prevalence,run,2,1.8329,0.067291
20,prevalence,run,2,1.8712,0.067355
20,prevalence,run,2,1.9096,0.068835
20,prevalence,run,2,1.9479,0.07045
20,prevalence,run,2,1.9863,0.074102
20,prevalence,run,2,2.0247,0.079351
20,prevalence,run,2,2.063,0.079625
20,prevalence,run,2,2.1014,0.077776
20,prevalence,run,2,2.1397,0.074527
20,prevalence,run,2,2.1781,0.070997
20,prevalence,run,2,2.2164,0.06783
20,prevalence,run,2,2.2548,0.065176
20,prevalence,run,2,2.2932,0.062714
20,prevalence,run,2,2.3315,0.060841
20,prevalence,run,2,2.3699,0.059312
20,prevalence,run,2,2.4082,0.058061
20,prevalence,run,2,2.4466,0.057493
20,prevalence,run,2,2.4849,0.057523
20,prevalence,run,2,2.5233,0.05728
20,prevalence,run,2,2.5616,0.057667
20,prevalence,run,2,2.6,0.059941
20,prevalence,run,2,2.6384,0.061564
20,prevalence,run,2,2.6767,0.063631
20,prevalence,run,2,2.7151,0.065249
20,prevalence,run,2,2.7534,0.066837
20,prevalence,run,2,2.7918,0.067299
20,prevalence,run,2,2.8301,0.067689
20,prevalence,run,2,2.8685,0.068042
20,prevalence,run,2,2.9068,0.070227
20,prevalence,run,2,2.9452,0.073784
20,prevalence,run,2,2.9836,0.076786
20,prevalence,run,3,-3.0,0.064271
20,prevalence,run,3,-2.9616,0.068028
20,prevalence,run,3,-2.9233,0.067444
20,prevalence,run,3,-2.8849,0.064451
20,prevalence,run,3,-2.8466,0.061513
20,prevalence,run,3,-2.8082,0.060117
20,prevalence,run,3,-2.7699,0.058392
20,prevalence,run,3,-2.7315,0.056626
20,prevalence,run,3,-2.6932,0.054962
20,prevalence,run,3,-2.6548,0.053381
20,prevalence,run,3,-2.6164,0.052277
20,prevalence,run,3,-2.5781,0.05135
20,prevalence,run,3,-2.5397,0.050705
20,prevalence,run,3,-2.5014,0.050253
20,prevalence,run,3,-2.463,0.05036
20,prevalence,run,3,-2.4247,0.051334
20,prevalence,run,3,-2.3863,0.051988
20,prevalence,run,3,-2.3479,0.054487
20,prevalence,run,3,-2.3096,0.057542
20,prevalence,run,3,-2.2712,0.059552
20,prevalence,run,3,-2.2329,0.060871
20,prevalence,run,3,-2.1945,0.062421
20,prevalence,run,3,-2.1562,0.06311
20,prevalence,run,3,-2.1178,0.064238
20,prevalence,run,3,-2.0795,0.065403
20,prevalence,run,3,-2.0411,0.067165
20,prevalence,run,3,-2.0027,0.070468
20,prevalence,run,3,-1.9644,0.073761
20,prevalence,run,3,-1.926,0.073351
20,prevalence,run,3,-1.8877,0.07086
20,prevalence,run,3,-1.8493,0.068409
20,prevalence,run,3,-1.811,0.06643
20,prevalence,run,3,-1.7726,0.0637
20,prevalence,run,3,-1.7342,0.061341
20,prevalence,run,3,-1.6959,0.05939
20,prevalence,run,3,-1.6575,0.057309
20,prevalence,run,3,-1.6192,0.055474
20,prevalence,run,3,-1.5808,0.054042
20,prevalence,run,3,-1.5425,0.053394
20,prevalence,run,3,-1.5041,0.053241
20,prevalence,run,3,-1.4658,0.053483
20,prevalence,run,3,-1.4274,0.054736
20,prevalence,run,3,-1.389,0.056363
20,prevalence,run,3,-1.3507,0.05945
20,prevalence,run,3,-1.3123,0.061555
20,prevalence,run,3,-1.274,0.063646
20,prevalence,run,3,-1.2356,0.065141
20,prevalence,run,3,-1.1973,0.066035
20,prevalence,run,3,-1.1589,0.065721
20,prevalence,run,3,-1.1205,0.066542
20,prevalence,run,3,-1.0822,0.067121
20,prevalence,run,3,-1.0438,0.069174
20,prevalence,run,3,-1.0055,0.07234
20,prevalence,run,3,-0.9671,0.076281
20,prevalence,run,3,-0.9288,0.074612
20,prevalence,run,3,-0.8904,0.07246
20,prevalence,run,3,-0.8521,0.069446
20,prevalence,run,3,-0.8137,0.067292
20,prevalence,run,3,-0.7753,0.065514
20,prevalence,run,3,-0.737,0.062806
20,prevalence,run,3,-0.6986,0.060889
20,prevalence,run,3,-0.6603,0.059188
20,prevalence,run,3,-0.6219,0.057971
20,prevalence,run,3,-0.5836,0.056768
20,prevalence,run,3,-0.5452,0.056205
20,prevalence,run,3,-0.5068,0.054903
20,prevalence,run,3,-0.4685,0.055459
20,prevalence,run,3,-0.4301,0.056382
20,prevalence,run,3,-0.3918,0.058024
20,prevalence,run,3,-0.3534,0.060376
20,prevalence,run,3,-0.3151,0.063079
20,prevalence,run,3,-0.2767,0.065292
20,prevalence,run,3,-0.2384,0.067049
20,prevalence,run,3,-0.2,0.068847
20,prevalence,run,3,-0.1616,0.068834
20,prevalence,run,3,-0.1233,0.068766
20,prevalence,run,3,-0.0849,0.069823
20,prevalence,run,3,-0.0466,0.071447
20,prevalence,run,3,-0.0082,0.078031
20,prevalence,run,3,0.0301,0.082761
20,prevalence,run,3,0.0685,0.080721
20,prevalence,run,3,0.1068,0.077203
20,prevalence,run,3,0.1452,0.074479
20,prevalence,run,3,0.1836,0.071947
20,prevalence,run,3,0.2219,0.069348
20,prevalence,run,3,0.2603,0.066614
20,prevalence,run,3,0.2986,0.064664
20,prevalence,run,3,0.337,0.062826
20,prevalence,run,3,0.3753,0.060874
20,prevalence,run,3,0.4137,0.05989
20,prevalence,run,3,0.4521,0.059151
20,prevalence,run,3,0.4904,0.058207
20,prevalence,run,3,0.5288,0.057605
20,prevalence,run,3,0.5671,0.057352
20,prevalence,run,3,0.6055,0.057395
20,prevalence,run,3,0.6438,0.058957
20,prevalence,run,3,0.6822,0.060992
20,prevalence,run,3,0.7205,0.062718
20,prevalence,run,3,0.7589,0.064333
20,prevalence,run,3,0.7973,0.06519
20,prevalence,run,3,0.8356,0.066215
20,prevalence,run,3,0.874,0.065763
20,prevalence,run,3,0.9123,0.06652
20,prevalence,run,3,0.9507,0.069081
20,prevalence,run,3,0.989,0.073246
20,prevalence,run,3,1.0274,0.078695
20,prevalence,run,3,1.0658,0.078312
20,prevalence,run,3,1.1041,0.07465
20,prevalence,run,3,1.1425,0.072246
20,prevalence,run,3,1.1808,0.070605
20,prevalence,run,3,1.2192,0.067572
20,prevalence,run,3,1.2575,0.065738
20,prevalence,run,3,1.2959,0.063666
20,prevalence,run,3,1.3342,0.061367
20,prevalence,run,3,1.3726,0.06001
20,prevalence,run,3,1.411,0.058475
20,prevalence,run,3,1.4493,0.057408
20,prevalence,run,3,1.4877,0.056668
20,prevalence,run,3,1.526,0.05698
20,prevalence,run,3,1.5644,0.056829
20,prevalence,run,3,1.6027,0.057185
20,prevalence,run,3,1.6411,0.057632
20,prevalence,run,3,1.6795,0.059546
20,prevalence,run,3,1.7178,0.062024
20,prevalence,run,3,1.7562,0.063864
20,prevalence,run,3,1.7945,0.065813
20,prevalence,run,3,1.8329,0.065853
20,prevalence,run,3,1.8712,0.066298
20,prevalence,run,3,1.9096,0.067349
20,prevalence,run,3,1.9479,0.069848
20,prevalence,run,3,1.9863,0.074466
20,prevalence,run,3,2.0247,0.078293
20,prevalence,run,3,2.063,0.076848
20,prevalence,run,3,2.1014,0.074384
20,prevalence,run,3,2.1397,0.071872
20,prevalence,run,3,2.1781,0.06882
20,prevalence,run,3,2.2164,0.066967
20,prevalence,run,3,2.2548,0.06455
20,prevalence,run,3,2.2932,0.06165
20,prevalence,run,3,2.3315,0.060373
20,prevalence,run,3,2.3699,0.059599
20,prevalence,run,3,2.4082,0.058187
20,prevalence,run,3,2.4466,0.057757
20,prevalence,run,3,2.4849,0.057252
20,prevalence,run,3,2.5233,0.056482
20,prevalence,run,3,2.5616,0.056622
20,prevalence,run,3,2.6,0.058373
20,prevalence,run,3,2.6384,0.059962
20,prevalence,run,3,2.6767,0.062407
20,prevalence,run,3,2.7151,0.065143
20,prevalence,run,3,2.7534,0.066562
20,prevalence,run,3,2.7918,0.067988
20,prevalence,run,3,2.8301,0.06905
20,prevalence,run,3,2.8685,0.070071
20,prevalence,run,3,2.9068,0.071555
20,prevalence,run,3,2.9452,0.073269
20,prevalence,run,3,2.9836,0.075977
20,prevalence,malariasim,,-3.0,0.068043
20,prevalence,malariasim,,-2.9616,0.071002
20,prevalence,malariasim,,-2.9233,0.069411
20,prevalence,malariasim,,-2.8849,0.066534
20,prevalence,malariasim,,-2.8466,0.063782
20,prevalence,malariasim,,-2.8082,0.061687
20,prevalence,malariasim,,-2.7699,0.059364
20,prevalence,malariasim,,-2.7315,0.057176
20,prevalence,malariasim,,-2.6932,0.055331
20,prevalence,malariasim,,-2.6548,0.053866
20,prevalence,malariasim,,-2.6164,0.052975
20,prevalence,malariasim,,-2.5781,0.051848
20,prevalence,malariasim,,-2.5397,0.0509
20,prevalence,malariasim,,-2.5014,0.050692
20,prevalence,malariasim,,-2.463,0.051228
20,prevalence,malariasim,,-2.4247,0.052088
20,prevalence,malariasim,,-2.3863,0.053191
20,prevalence,malariasim,,-2.3479,0.054734
20,prevalence,malariasim,,-2.3096,0.05702
20,prevalence,malariasim,,-2.2712,0.059121
20,prevalence,malariasim,,-2.2329,0.060326
20,prevalence,malariasim,,-2.1945,0.061653
20,prevalence,malariasim,,-2.1562,0.062334
20,prevalence,malariasim,,-2.1178,0.062947
20,prevalence,malariasim,,-2.0795,0.064294
20,prevalence,malariasim,,-2.0411,0.066701
20,prevalence,malariasim,,-2.0027,0.070652
20,prevalence,malariasim,,-1.9644,0.073933
20,prevalence,malariasim,,-1.926,0.072947
20,prevalence,malariasim,,-1.8877,0.070148
20,prevalence,malariasim,,-1.8493,0.067177
20,prevalence,malariasim,,-1.811,0.065134
20,prevalence,malariasim,,-1.7726,0.063144
20,prevalence,malariasim,,-1.7342,0.060935
20,prevalence,malariasim,,-1.6959,0.059055
20,prevalence,malariasim,,-1.6575,0.057204
20,prevalence,malariasim,,-1.6192,0.055404
20,prevalence,malariasim,,-1.5808,0.054255
20,prevalence,malariasim,,-1.5425,0.053849
20,prevalence,malariasim,,-1.5041,0.053802
20,prevalence,malariasim,,-1.4658,0.054046
20,prevalence,malariasim,,-1.4274,0.055392
20,prevalence,malariasim,,-1.389,0.056862
20,prevalence,malariasim,,-1.3507,0.059069
20,prevalence,malariasim,,-1.3123,0.061246
20,prevalence,malariasim,,-1.274,0.062942
20,prevalence,malariasim,,-1.2356,0.064225
20,prevalence,malariasim,,-1.1973,0.064411
20,prevalence,malariasim,,-1.1589,0.06501
20,prevalence,malariasim,,-1.1205,0.065669
20,prevalence,malariasim,,-1.0822,0.066725
20,prevalence,malariasim,,-1.0438,0.069525
20,prevalence,malariasim,,-1.0055,0.073883
20,prevalence,malariasim,,-0.9671,0.078075
20,prevalence,malariasim,,-0.9288,0.076722
20,prevalence,malariasim,,-0.8904,0.074064
20,prevalence,malariasim,,-0.8521,0.071127
20,prevalence,malariasim,,-0.8137,0.068502
20,prevalence,malariasim,,-0.7753,0.066106
20,prevalence,malariasim,,-0.737,0.063705
20,prevalence,malariasim,,-0.6986,0.062254
20,prevalence,malariasim,,-0.6603,0.060665
20,prevalence,malariasim,,-0.6219,0.059117
20,prevalence,malariasim,,-0.5836,0.057771
20,prevalence,malariasim,,-0.5452,0.056896
20,prevalence,malariasim,,-0.5068,0.056852
20,prevalence,malariasim,,-0.4685,0.057245
20,prevalence,malariasim,,-0.4301,0.058298
20,prevalence,malariasim,,-0.3918,0.060078
20,prevalence,malariasim,,-0.3534,0.062387
20,prevalence,malariasim,,-0.3151,0.064946
20,prevalence,malariasim,,-0.2767,0.066988
20,prevalence,malariasim,,-0.2384,0.068669
20,prevalence,malariasim,,-0.2,0.070418
20,prevalence,malariasim,,-0.1616,0.070405
20,prevalence,malariasim,,-0.1233,0.0705
20,prevalence,malariasim,,-0.0849,0.071454
20,prevalence,malariasim,,-0.0466,0.074217
20,prevalence,malariasim,,-0.0082,0.078849
20,prevalence,malariasim,,0.0301,0.083325
20,prevalence,malariasim,,0.0685,0.081251
20,prevalence,malariasim,,0.1068,0.07796
20,prevalence,malariasim,,0.1452,0.074775
20,prevalence,malariasim,,0.1836,0.072052
20,prevalence,malariasim,,0.2219,0.068969
20,prevalence,malariasim,,0.2603,0.066348
20,prevalence,malariasim,,0.2986,0.064115
20,prevalence,malariasim,,0.337,0.062175
20,prevalence,malariasim,,0.3753,0.060054
20,prevalence,malariasim,,0.4137,0.058755
20,prevalence,malariasim,,0.4521,0.057495
20,prevalence,malariasim,,0.4904,0.057058
20,prevalence,malariasim,,0.5288,0.05691
20,prevalence,malariasim,,0.5671,0.05719
20,prevalence,malariasim,,0.6055,0.058235
20,prevalence,malariasim,,0.6438,0.059849
20,prevalence,malariasim,,0.6822,0.061709
20,prevalence,malariasim,,0.7205,0.063416
20,prevalence,malariasim,,0.7589,0.064618
20,prevalence,malariasim,,0.7973,0.065651
20,prevalence,malariasim,,0.8356,0.066147
20,prevalence,malariasim,,0.874,0.066654
20,prevalence,malariasim,,0.9123,0.067811
20,prevalence,malariasim,,0.9507,0.070033
20,prevalence,malariasim,,0.989,0.073855
20,prevalence,malariasim,,1.0274,0.078415
20,prevalence,malariasim,,1.0658,0.0777
20,prevalence,malariasim,,1.1041,0.074519
20,prevalence,malariasim,,1.1425,0.072362
20,prevalence,malariasim,,1.1808,0.070247
20,prevalence,malariasim,,1.2192,0.067531
20,prevalence,malariasim,,1.2575,0.065189
20,prevalence,malariasim,,1.2959,0.062918
20,prevalence,malariasim,,1.3342,0.060992
20,prevalence,malariasim,,1.3726,0.059591
20,prevalence,malariasim,,1.411,0.058234
20,prevalence,malariasim,,1.4493,0.057246
20,prevalence,malariasim,,1.4877,0.056724
20,prevalence,malariasim,,1.526,0.056925
20,prevalence,malariasim,,1.5644,0.05742
20,prevalence,malariasim,,1.6027,0.058772
20,prevalence,malariasim,,1.6411,0.060313
20,prevalence,malariasim,,1.6795,0.062591
20,prevalence,malariasim,,1.7178,0.064587
20,prevalence,malariasim,,1.7562,0.065883
20,prevalence,malariasim,,1.7945,0.066836
20,prevalence,malariasim,,1.8329,0.067074
20,prevalence,malariasim,,1.8712,0.067271
20,prevalence,malariasim,,1.9096,0.068636
20,prevalence,malariasim,,1.9479,0.07109
20,prevalence,malariasim,,1.9863,0.075324
20,prevalence,malariasim,,2.0247,0.079962
20,prevalence,malariasim,,2.063,0.079487
20,prevalence,malariasim,,2.1014,0.076822
20,prevalence,malariasim,,2.1397,0.073647
20,prevalence,malariasim,,2.1781,0.070426
20,prevalence,malariasim,,2.2164,0.067752
20,prevalence,malariasim,,2.2548,0.065073
20,prevalence,malariasim,,2.2932,0.06284
20,prevalence,malariasim,,2.3315,0.061258
20,prevalence,malariasim,,2.3699,0.060515
20,prevalence,malariasim,,2.4082,0.059499
20,prevalence,malariasim,,2.4466,0.058813
20,prevalence,malariasim,,2.4849,0.0583
20,prevalence,malariasim,,2.5233,0.057858
20,prevalence,malariasim,,2.5616,0.058258
20,prevalence,malariasim,,2.6,0.059649
20,prevalence,malariasim,,2.6384,0.060949
20,prevalence,malariasim,,2.6767,0.063075
20,prevalence,malariasim,,2.7151,0.065233
20,prevalence,malariasim,,2.7534,0.06682
20,prevalence,malariasim,,2.7918,0.067641
20,prevalence,malariasim,,2.8301,0.068131
20,prevalence,malariasim,,2.8685,0.068563
20,prevalence,malariasim,,2.9068,0.070141
20,prevalence,malariasim,,2.9452,0.072868
20,prevalence,malariasim,,2.9836,0.075904
20,prevalence,pipeline,,-3.0,0.07368
20,prevalence,pipeline,,-2.9616,0.080256
20,prevalence,pipeline,,-2.9233,0.074758
20,prevalence,pipeline,,-2.8849,0.072706
20,prevalence,pipeline,,-2.8466,0.068833
20,prevalence,pipeline,,-2.8082,0.065375
20,prevalence,pipeline,,-2.7699,0.064123
20,prevalence,pipeline,,-2.7315,0.061913
20,prevalence,pipeline,,-2.6932,0.059802
20,prevalence,pipeline,,-2.6548,0.057998
20,prevalence,pipeline,,-2.6164,0.05658
20,prevalence,pipeline,,-2.5781,0.055554
20,prevalence,pipeline,,-2.5397,0.05494
20,prevalence,pipeline,,-2.5014,0.054824
20,prevalence,pipeline,,-2.463,0.055323
20,prevalence,pipeline,,-2.4247,0.056499
20,prevalence,pipeline,,-2.3863,0.058273
20,prevalence,pipeline,,-2.3479,0.060428
20,prevalence,pipeline,,-2.3096,0.062664
20,prevalence,pipeline,,-2.2712,0.064677
20,prevalence,pipeline,,-2.2329,0.066239
20,prevalence,pipeline,,-2.1945,0.06725
20,prevalence,pipeline,,-2.1562,0.067828
20,prevalence,pipeline,,-2.1178,0.068467
20,prevalence,pipeline,,-2.0795,0.070035
20,prevalence,pipeline,,-2.0411,0.073319
20,prevalence,pipeline,,-2.0027,0.077913
20,prevalence,pipeline,,-1.9644,0.081103
20,prevalence,pipeline,,-1.926,0.08064
20,prevalence,pipeline,,-1.8877,0.077548
20,prevalence,pipeline,,-1.8493,0.073852
20,prevalence,pipeline,,-1.811,0.070554
20,prevalence,pipeline,,-1.7726,0.0677
20,prevalence,pipeline,,-1.7342,0.065189
20,prevalence,pipeline,,-1.6959,0.063036
20,prevalence,pipeline,,-1.6575,0.061273
20,prevalence,pipeline,,-1.6192,0.059886
20,prevalence,pipeline,,-1.5808,0.05885
20,prevalence,pipeline,,-1.5425,0.05818
20,prevalence,pipeline,,-1.5041,0.057963
20,prevalence,pipeline,,-1.4658,0.058316
20,prevalence,pipeline,,-1.4274,0.059303
20,prevalence,pipeline,,-1.389,0.060867
20,prevalence,pipeline,,-1.3507,0.06284
20,prevalence,pipeline,,-1.3123,0.064973
20,prevalence,pipeline,,-1.274,0.066993
20,prevalence,pipeline,,-1.2356,0.068655
20,prevalence,pipeline,,-1.1973,0.069827
20,prevalence,pipeline,,-1.1589,0.070581
20,prevalence,pipeline,,-1.1205,0.071354
20,prevalence,pipeline,,-1.0822,0.072963
20,prevalence,pipeline,,-1.0438,0.076151
20,prevalence,pipeline,,-1.0055,0.080555
20,prevalence,pipeline,,-0.9671,0.083668
20,prevalence,pipeline,,-0.9288,0.083268
20,prevalence,pipeline,,-0.8904,0.080216
20,prevalence,pipeline,,-0.8521,0.076485
20,prevalence,pipeline,,-0.8137,0.073134
20,prevalence,pipeline,,-0.7753,0.070243
20,prevalence,pipeline,,-0.737,0.067712
20,prevalence,pipeline,,-0.6986,0.065546
20,prevalence,pipeline,,-0.6603,0.063773
20,prevalence,pipeline,,-0.6219,0.062381
20,prevalence,pipeline,,-0.5836,0.061343
20,prevalence,pipeline,,-0.5452,0.060674
20,prevalence,pipeline,,-0.5068,0.060458
20,prevalence,pipeline,,-0.4685,0.060816
20,prevalence,pipeline,,-0.4301,0.061814
20,prevalence,pipeline,,-0.3918,0.063399
20,prevalence,pipeline,,-0.3534,0.065402
20,prevalence,pipeline,,-0.3151,0.067566
20,prevalence,pipeline,,-0.2767,0.069602
20,prevalence,pipeline,,-0.2384,0.071255
20,prevalence,pipeline,,-0.2,0.072384
20,prevalence,pipeline,,-0.1616,0.073057
20,prevalence,pipeline,,-0.1233,0.073697
20,prevalence,pipeline,,-0.0849,0.075097
20,prevalence,pipeline,,-0.0466,0.077994
20,prevalence,pipeline,,-0.0082,0.082106
20,prevalence,pipeline,,0.0301,0.089614
20,prevalence,pipeline,,0.0685,0.088003
20,prevalence,pipeline,,0.1068,0.085862
20,prevalence,pipeline,,0.1452,0.082365
20,prevalence,pipeline,,0.1836,0.07766
20,prevalence,pipeline,,0.2219,0.075207
20,prevalence,pipeline,,0.2603,0.07247
20,prevalence,pipeline,,0.2986,0.070375
20,prevalence,pipeline,,0.337,0.068446
20,prevalence,pipeline,,0.3753,0.066732
20,prevalence,pipeline,,0.4137,0.065285
20,prevalence,pipeline,,0.4521,0.06424
20,prevalence,pipeline,,0.4904,0.0638
20,prevalence,pipeline,,0.5288,0.06412
20,prevalence,pipeline,,0.5671,0.065204
20,prevalence,pipeline,,0.6055,0.066912
20,prevalence,pipeline,,0.6438,0.06902
20,prevalence,pipeline,,0.6822,0.071234
20,prevalence,pipeline,,0.7205,0.073204
20,prevalence,pipeline,,0.7589,0.074614
20,prevalence,pipeline,,0.7973,0.075345
20,prevalence,pipeline,,0.8356,0.0757
20,prevalence,pipeline,,0.874,0.076466
20,prevalence,pipeline,,0.9123,0.078569
20,prevalence,pipeline,,0.9507,0.082343
20,prevalence,pipeline,,0.989,0.086766
20,prevalence,pipeline,,1.0274,0.089623
20,prevalence,pipeline,,1.0658,0.089477
20,prevalence,pipeline,,1.1041,0.086733
20,prevalence,pipeline,,1.1425,0.082706
20,prevalence,pipeline,,1.1808,0.07859
20,prevalence,pipeline,,1.2192,0.074985
20,prevalence,pipeline,,1.2575,0.072006
20,prevalence,pipeline,,1.2959,0.069555
20,prevalence,pipeline,,1.3342,0.067512
20,prevalence,pipeline,,1.3726,0.065789
20,prevalence,pipeline,,1.411,0.064373
20,prevalence,pipeline,,1.4493,0.06339
20,prevalence,pipeline,,1.4877,0.063036
20,prevalence,pipeline,,1.526,0.063432
20,prevalence,pipeline,,1.5644,0.064536
20,prevalence,pipeline,,1.6027,0.066193
20,prevalence,pipeline,,1.6411,0.068208
20,prevalence,pipeline,,1.6795,0.070345
20,prevalence,pipeline,,1.7178,0.072316
20,prevalence,pipeline,,1.7562,0.073847
20,prevalence,pipeline,,1.7945,0.074841
20,prevalence,pipeline,,1.8329,0.075572
20,prevalence,pipeline,,1.8712,0.076718
20,prevalence,pipeline,,1.9096,0.079017
20,prevalence,pipeline,,1.9479,0.082667
20,prevalence,pipeline,,1.9863,0.086796
20,prevalence,pipeline,,2.0247,0.08963
20,prevalence,pipeline,,2.063,0.08988
20,prevalence,pipeline,,2.1014,0.087723
20,prevalence,pipeline,,2.1397,0.084212
20,prevalence,pipeline,,2.1781,0.08038
20,prevalence,pipeline,,2.2164,0.076819
20,prevalence,pipeline,,2.2548,0.07371
20,prevalence,pipeline,,2.2932,0.071032
20,prevalence,pipeline,,2.3315,0.068705
20,prevalence,pipeline,,2.3699,0.066679
20,prevalence,pipeline,,2.4082,0.064982
20,prevalence,pipeline,,2.4466,0.063761
20,prevalence,pipeline,,2.4849,0.063206
20,prevalence,pipeline,,2.5233,0.063432
20,prevalence,pipeline,,2.5616,0.064407
20,prevalence,pipeline,,2.6,0.065986
20,prevalence,pipeline,,2.6384,0.06795
20,prevalence,pipeline,,2.6767,0.070041
20,prevalence,pipeline,,2.7151,0.071983
20,prevalence,pipeline,,2.7534,0.073556
20,prevalence,pipeline,,2.7918,0.074709
20,prevalence,pipeline,,2.8301,0.07568
20,prevalence,pipeline,,2.8685,0.076977
20,prevalence,pipeline,,2.9068,0.079099
20,prevalence,pipeline,,2.9452,0.0821
20,prevalence,pipeline,,2.9836,0.085299
20,prevalence,emulator,,-3.0,0.06721
20,prevalence,emulator,,-2.9616,0.073401
20,prevalence,emulator,,-2.9233,0.068449
20,prevalence,emulator,,-2.8849,0.066676
20,prevalence,emulator,,-2.8466,0.063072
20,prevalence,emulator,,-2.8082,0.059714
20,prevalence,emulator,,-2.7699,0.058628
20,prevalence,emulator,,-2.7315,0.056657
20,prevalence,emulator,,-2.6932,0.054754
20,prevalence,emulator,,-2.6548,0.053116
20,prevalence,emulator,,-2.6164,0.051823
20,prevalence,emulator,,-2.5781,0.050884
20,prevalence,emulator,,-2.5397,0.05032
20,prevalence,emulator,,-2.5014,0.050214
20,prevalence,emulator,,-2.463,0.050676
20,prevalence,emulator,,-2.4247,0.051767
20,prevalence,emulator,,-2.3863,0.053415
20,prevalence,emulator,,-2.3479,0.055418
20,prevalence,emulator,,-2.3096,0.057497
20,prevalence,emulator,,-2.2712,0.059372
20,prevalence,emulator,,-2.2329,0.060829
20,prevalence,emulator,,-2.1945,0.061779
20,prevalence,emulator,,-2.1562,0.062329
20,prevalence,emulator,,-2.1178,0.062937
20,prevalence,emulator,,-2.0795,0.064404
20,prevalence,emulator,,-2.0411,0.067437
20,prevalence,emulator,,-2.0027,0.071644
20,prevalence,emulator,,-1.9644,0.074547
20,prevalence,emulator,,-1.926,0.074112
20,prevalence,emulator,,-1.8877,0.071274
20,prevalence,emulator,,-1.8493,0.067878
20,prevalence,emulator,,-1.811,0.06484
20,prevalence,emulator,,-1.7726,0.062208
20,prevalence,emulator,,-1.7342,0.059893
20,prevalence,emulator,,-1.6959,0.057912
20,prevalence,emulator,,-1.6575,0.056291
20,prevalence,emulator,,-1.6192,0.055017
20,prevalence,emulator,,-1.5808,0.054062
20,prevalence,emulator,,-1.5425,0.053441
20,prevalence,emulator,,-1.5041,0.053235
20,prevalence,emulator,,-1.4658,0.053554
20,prevalence,emulator,,-1.4274,0.05446
20,prevalence,emulator,,-1.389,0.055903
20,prevalence,emulator,,-1.3507,0.057724
20,prevalence,emulator,,-1.3123,0.059697
20,prevalence,emulator,,-1.274,0.061566
20,prevalence,emulator,,-1.2356,0.063105
20,prevalence,emulator,,-1.1973,0.064192
20,prevalence,emulator,,-1.1589,0.064894
20,prevalence,emulator,,-1.1205,0.065622
20,prevalence,emulator,,-1.0822,0.067128
20,prevalence,emulator,,-1.0438,0.070084
20,prevalence,emulator,,-1.0055,0.074132
20,prevalence,emulator,,-0.9671,0.076974
20,prevalence,emulator,,-0.9288,0.076601
20,prevalence,emulator,,-0.8904,0.073801
20,prevalence,emulator,,-0.8521,0.070374
20,prevalence,emulator,,-0.8137,0.067287
20,prevalence,emulator,,-0.7753,0.06462
20,prevalence,emulator,,-0.737,0.062284
20,prevalence,emulator,,-0.6986,0.060287
20,prevalence,emulator,,-0.6603,0.058655
20,prevalence,emulator,,-0.6219,0.057374
20,prevalence,emulator,,-0.5836,0.056415
20,prevalence,emulator,,-0.5452,0.055791
20,prevalence,emulator,,-0.5068,0.055584
20,prevalence,emulator,,-0.4685,0.055904
20,prevalence,emulator,,-0.4301,0.056816
20,prevalence,emulator,,-0.3918,0.058272
20,prevalence,emulator,,-0.3534,0.060114
20,prevalence,emulator,,-0.3151,0.062108
20,prevalence,emulator,,-0.2767,0.063985
20,prevalence,emulator,,-0.2384,0.065508
20,prevalence,emulator,,-0.2,0.06655
20,prevalence,emulator,,-0.1616,0.067175
20,prevalence,emulator,,-0.1233,0.06778
20,prevalence,emulator,,-0.0849,0.069099
20,prevalence,emulator,,-0.0466,0.071796
20,prevalence,emulator,,-0.0082,0.075589
20,prevalence,emulator,,0.0301,0.082644
20,prevalence,emulator,,0.0685,0.081035
20,prevalence,emulator,,0.1068,0.079166
20,prevalence,emulator,,0.1452,0.075883
20,prevalence,emulator,,0.1836,0.071566
20,prevalence,emulator,,0.2219,0.069398
20,prevalence,emulator,,0.2603,0.066877
20,prevalence,emulator,,0.2986,0.06499
20,prevalence,emulator,,0.337,0.063241
20,prevalence,emulator,,0.3753,0.061684
20,prevalence,emulator,,0.4137,0.060368
20,prevalence,emulator,,0.4521,0.059417
20,prevalence,emulator,,0.4904,0.059024
20,prevalence,emulator,,0.5288,0.059331
20,prevalence,emulator,,0.5671,0.060341
20,prevalence,emulator,,0.6055,0.061925
20,prevalence,emulator,,0.6438,0.063876
20,prevalence,emulator,,0.6822,0.065923
20,prevalence,emulator,,0.7205,0.067743
20,prevalence,emulator,,0.7589,0.069043
20,prevalence,emulator,,0.7973,0.069718
20,prevalence,emulator,,0.8356,0.070053
20,prevalence,emulator,,0.874,0.07079
20,prevalence,emulator,,0.9123,0.072789
20,prevalence,emulator,,0.9507,0.076354
20,prevalence,emulator,,0.989,0.080519
20,prevalence,emulator,,1.0274,0.083218
20,prevalence,emulator,,1.0658,0.083112
20,prevalence,emulator,,1.1041,0.080574
20,prevalence,emulator,,1.1425,0.076825
20,prevalence,emulator,,1.1808,0.072983
20,prevalence,emulator,,1.2192,0.069615
20,prevalence,emulator,,1.2575,0.066829
20,prevalence,emulator,,1.2959,0.064538
20,prevalence,emulator,,1.3342,0.062628
20,prevalence,emulator,,1.3726,0.061017
20,prevalence,emulator,,1.411,0.059692
20,prevalence,emulator,,1.4493,0.058769
20,prevalence,emulator,,1.4877,0.058432
20,prevalence,emulator,,1.526,0.05879
20,prevalence,emulator,,1.5644,0.059804
20,prevalence,emulator,,1.6027,0.061328
20,prevalence,emulator,,1.6411,0.063184
20,prevalence,emulator,,1.6795,0.065153
20,prevalence,emulator,,1.7178,0.066969
20,prevalence,emulator,,1.7562,0.068384
20,prevalence,emulator,,1.7945,0.069309
20,prevalence,emulator,,1.8329,0.070002
20,prevalence,emulator,,1.8712,0.071094
20,prevalence,emulator,,1.9096,0.073273
20,prevalence,emulator,,1.9479,0.07671
20,prevalence,emulator,,1.9863,0.080588
20,prevalence,emulator,,2.0247,0.083258
20,prevalence,emulator,,2.063,0.083525
20,prevalence,emulator,,2.1014,0.081546
20,prevalence,emulator,,2.1397,0.078289
20,prevalence,emulator,,2.1781,0.07472
20,prevalence,emulator,,2.2164,0.071392
20,prevalence,emulator,,2.2548,0.068481
20,prevalence,emulator,,2.2932,0.065968
20,prevalence,emulator,,2.3315,0.063784
20,prevalence,emulator,,2.3699,0.061881
20,prevalence,emulator,,2.4082,0.060286
20,prevalence,emulator,,2.4466,0.059135
20,prevalence,emulator,,2.4849,0.058604
20,prevalence,emulator,,2.5233,0.058799
20,prevalence,emulator,,2.5616,0.059691
20,prevalence,emulator,,2.6,0.061142
20,prevalence,emulator,,2.6384,0.062953
20,prevalence,emulator,,2.6767,0.064883
20,prevalence,emulator,,2.7151,0.066681
20,prevalence,emulator,,2.7534,0.068144
20,prevalence,emulator,,2.7918,0.069227
20,prevalence,emulator,,2.8301,0.070153
20,prevalence,emulator,,2.8685,0.071394
20,prevalence,emulator,,2.9068,0.073406
20,prevalence,emulator,,2.9452,0.076236
20,prevalence,emulator,,2.9836,0.079243
20,cases,run,0,-3.0,0.496067
20,cases,run,0,-2.9616,0.224766
20,cases,run,0,-2.9233,0.154618
20,cases,run,0,-2.8849,0.128133
20,cases,run,0,-2.8466,0.142451
20,cases,run,0,-2.8082,0.124558
20,cases,run,0,-2.7699,0.119549
20,cases,run,0,-2.7315,0.11239
20,cases,run,0,-2.6932,0.12313
20,cases,run,0,-2.6548,0.12671
20,cases,run,0,-2.6164,0.147472
20,cases,run,0,-2.5781,0.167519
20,cases,run,0,-2.5397,0.170382
20,cases,run,0,-2.5014,0.191145
20,cases,run,0,-2.463,0.20475
20,cases,run,0,-2.4247,0.250569
20,cases,run,0,-2.3863,0.263458
20,cases,run,0,-2.3479,0.290663
20,cases,run,0,-2.3096,0.319302
20,cases,run,0,-2.2712,0.283509
20,cases,run,0,-2.2329,0.282796
20,cases,run,0,-2.1945,0.25488
20,cases,run,0,-2.1562,0.262758
20,cases,run,0,-2.1178,0.272064
20,cases,run,0,-2.0795,0.356548
20,cases,run,0,-2.0411,0.421713
20,cases,run,0,-2.0027,0.527671
20,cases,run,0,-1.9644,0.312163
20,cases,run,0,-1.926,0.183293
20,cases,run,0,-1.8877,0.163249
20,cases,run,0,-1.8493,0.151078
20,cases,run,0,-1.811,0.146067
20,cases,run,0,-1.7726,0.141773
20,cases,run,0,-1.7342,0.151086
20,cases,run,0,-1.6959,0.149654
20,cases,run,0,-1.6575,0.136053
20,cases,run,0,-1.6192,0.154675
20,cases,run,0,-1.5808,0.196926
20,cases,run,0,-1.5425,0.195492
20,cases,run,0,-1.5041,0.239177
20,cases,run,0,-1.4658,0.252069
20,cases,run,0,-1.4274,0.284296
20,cases,run,0,-1.389,0.299337
20,cases,run,0,-1.3507,0.360935
20,cases,run,0,-1.3123,0.371689
20,cases,run,0,-1.274,0.343051
20,cases,run,0,-1.2356,0.333019
20,cases,run,0,-1.1973,0.307952
20,cases,run,0,-1.1589,0.299373
20,cases,run,0,-1.1205,0.336628
20,cases,run,0,-1.0822,0.413983
20,cases,run,0,-1.0438,0.478439
20,cases,run,0,-1.0055,0.589449
20,cases,run,0,-0.9671,0.379604
20,cases,run,0,-0.9288,0.173332
20,cases,run,0,-0.8904,0.166174
20,cases,run,0,-0.8521,0.183367
20,cases,run,0,-0.8137,0.16188
20,cases,run,0,-0.7753,0.14899
20,cases,run,0,-0.737,0.172628
20,cases,run,0,-0.6986,0.186955
20,cases,run,0,-0.6603,0.181226
20,cases,run,0,-0.6219,0.184814
20,cases,run,0,-0.5836,0.209173
20,cases,run,0,-0.5452,0.240693
20,cases,run,0,-0.5068,0.247863
20,cases,run,0,-0.4685,0.270789
20,cases,run,0,-0.4301,0.314489
20,cases,run,0,-0.3918,0.351023
20,cases,run,0,-0.3534,0.397591
20,cases,run,0,-0.3151,0.383982
20,cases,run,0,-0.2767,0.38972
20,cases,run,0,-0.2384,0.387574
20,cases,run,0,-0.2,0.36107
20,cases,run,0,-0.1616,0.335288
20,cases,run,0,-0.1233,0.353202
20,cases,run,0,-0.0849,0.454932
20,cases,run,0,-0.0466,0.567417
20,cases,run,0,-0.0082,0.670592
20,cases,run,0,0.0301,0.45495
20,cases,run,0,0.0685,0.218519
20,cases,run,0,0.1068,0.173382
20,cases,run,0,0.1452,0.180548
20,cases,run,0,0.1836,0.181977
20,cases,run,0,0.2219,0.182694
20,cases,run,0,0.2603,0.159052
20,cases,run,0,0.2986,0.161203
20,cases,run,0,0.337,0.178401
20,cases,run,0,0.3753,0.194165
20,cases,run,0,0.4137,0.199901
20,cases,run,0,0.4521,0.236443
20,cases,run,0,0.4904,0.242895
20,cases,run,0,0.5288,0.259378
20,cases,run,0,0.5671,0.329604
20,cases,run,0,0.6055,0.342508
20,cases,run,0,0.6438,0.366158
20,cases,run,0,0.6822,0.388374
20,cases,run,0,0.7205,0.366874
20,cases,run,0,0.7589,0.381927
20,cases,run,0,0.7973,0.346109
20,cases,run,0,0.8356,0.331776
20,cases,run,0,0.874,0.37621
20,cases,run,0,0.9123,0.465788
20,cases,run,0,0.9507,0.551063
20,cases,run,0,0.989,0.664293
20,cases,run,0,1.0274,0.499479
20,cases,run,0,1.0658,0.219284
20,cases,run,0,1.1041,0.194205
20,cases,run,0,1.1425,0.210691
20,cases,run,0,1.1808,0.196362
20,cases,run,0,1.2192,0.188485
20,cases,run,0,1.2575,0.187772
20,cases,run,0,1.2959,0.164121
20,cases,run,0,1.3342,0.191357
20,cases,run,0,1.3726,0.185626
20,cases,run,0,1.411,0.215729
20,cases,run,0,1.4493,0.225766
20,cases,run,0,1.4877,0.249417
20,cases,run,0,1.526,0.289554
20,cases,run,0,1.5644,0.343314
20,cases,run,0,1.6027,0.401378
20,cases,run,0,1.6411,0.401386
20,cases,run,0,1.6795,0.430782
20,cases,run,0,1.7178,0.456592
20,cases,run,0,1.7562,0.411441
20,cases,run,0,1.7945,0.388507
20,cases,run,0,1.8329,0.346215
20,cases,run,0,1.8712,0.410731
20,cases,run,0,1.9096,0.458044
20,cases,run,0,1.9479,0.598543
20,cases,run,0,1.9863,0.745497
20,cases,run,0,2.0247,0.5706
20,cases,run,0,2.063,0.26595
20,cases,run,0,2.1014,0.21792
20,cases,run,0,2.1397,0.207168
20,cases,run,0,2.1781,0.193548
20,cases,run,0,2.2164,0.194265
20,cases,run,0,2.2548,0.195698
20,cases,run,0,2.2932,0.179208
20,cases,run,0,2.3315,0.201429
20,cases,run,0,2.3699,0.220788
20,cases,run,0,2.4082,0.205023
20,cases,run,0,2.4466,0.222232
20,cases,run,0,2.4849,0.281015
20,cases,run,0,2.5233,0.311123
20,cases,run,0,2.5616,0.349837
20,cases,run,0,2.6,0.367766
20,cases,run,0,2.6384,0.402178
20,cases,run,0,2.6767,0.467418
20,cases,run,0,2.7151,0.444488
20,cases,run,0,2.7534,0.425132
20,cases,run,0,2.7918,0.397891
20,cases,run,0,2.8301,0.410802
20,cases,run,0,2.8685,0.402924
20,cases,run,0,2.9068,0.490403
20,cases,run,0,2.9452,0.585771
20,cases,run,0,2.9836,0.758576
20,cases,run,1,-3.0,0.448163
20,cases,run,1,-2.9616,0.245562
20,cases,run,1,-2.9233,0.129583
20,cases,run,1,-2.8849,0.128152
20,cases,run,1,-2.8466,0.123141
20,cases,run,1,-2.8082,0.125291
20,cases,run,1,-2.7699,0.108111
20,cases,run,1,-2.7315,0.121715
20,cases,run,1,-2.6932,0.110976
20,cases,run,1,-2.6548,0.123149
20,cases,run,1,-2.6164,0.126731
20,cases,run,1,-2.5781,0.126015
20,cases,run,1,-2.5397,0.169693
20,cases,run,1,-2.5014,0.178286
20,cases,run,1,-2.463,0.214801
20,cases,run,1,-2.4247,0.24917
20,cases,run,1,-2.3863,0.240576
20,cases,run,1,-2.3479,0.277093
20,cases,run,1,-2.3096,0.327226
20,cases,run,1,-2.2712,0.279973
20,cases,run,1,-2.2329,0.277827
20,cases,run,1,-2.1945,0.273534
20,cases,run,1,-2.1562,0.244179
20,cases,run,1,-2.1178,0.302899
20,cases,run,1,-2.0795,0.33799
20,cases,run,1,-2.0411,0.396
20,cases,run,1,-2.0027,0.540661
20,cases,run,1,-1.9644,0.302923
20,cases,run,1,-1.926,0.180465
20,cases,run,1,-1.8877,0.126758
20,cases,run,1,-1.8493,0.151109
20,cases,run,1,-1.811,0.14538
20,cases,run,1,-1.7726,0.156841
20,cases,run,1,-1.7342,0.13464
20,cases,run,1,-1.6959,0.137507
20,cases,run,1,-1.6575,0.15398
20,cases,run,1,-1.6192,0.163293
20,cases,run,1,-1.5808,0.174752
20,cases,run,1,-1.5425,0.186209
20,cases,run,1,-1.5041,0.19194
20,cases,run,1,-1.4658,0.227759
20,cases,run,1,-1.4274,0.268597
20,cases,run,1,-1.389,0.266455
20,cases,run,1,-1.3507,0.323754
20,cases,run,1,-1.3123,0.322326
20,cases,run,1,-1.274,0.339515
20,cases,run,1,-1.2356,0.300117
20,cases,run,1,-1.1973,0.310863
20,cases,run,1,-1.1589,0.294391
20,cases,run,1,-1.1205,0.306572
20,cases,run,1,-1.0822,0.348837
20,cases,run,1,-1.0438,0.496393
20,cases,run,1,-1.0055,0.583781
20,cases,run,1,-0.9671,0.412588
20,cases,run,1,-0.9288,0.181224
20,cases,run,1,-0.8904,0.170479
20,cases,run,1,-0.8521,0.169049
20,cases,run,1,-0.8137,0.159021
20,cases,run,1,-0.7753,0.154725
20,cases,run,1,-0.737,0.163321
20,cases,run,1,-0.6986,0.172636
20,cases,run,1,-0.6603,0.180517
20,cases,run,1,-0.6219,0.174788
20,cases,run,1,-0.5836,0.198425
20,cases,run,1,-0.5452,0.194849
20,cases,run,1,-0.5068,0.236402
20,cases,run,1,-0.4685,0.280103
20,cases,run,1,-0.4301,0.298015
20,cases,run,1,-0.3918,0.341723
20,cases,run,1,-0.3534,0.37468
20,cases,run,1,-0.3151,0.393311
20,cases,run,1,-0.2767,0.382571
20,cases,run,1,-0.2384,0.38831
20,cases,run,1,-0.2,0.351785
20,cases,run,1,-0.1616,0.334595
20,cases,run,1,-0.1233,0.349642
20,cases,run,1,-0.0849,0.399788
20,cases,run,1,-0.0466,0.522307
20,cases,run,1,-0.0082,0.635502
20,cases,run,1,0.0301,0.437039
20,cases,run,1,0.0685,0.172667
20,cases,run,1,0.1068,0.184131
20,cases,run,1,0.1452,0.179118
20,cases,run,1,0.1836,0.184852
20,cases,run,1,0.2219,0.160492
20,cases,run,1,0.2603,0.162644
20,cases,run,1,0.2986,0.161925
20,cases,run,1,0.337,0.16336
20,cases,run,1,0.3753,0.176257
20,cases,run,1,0.4137,0.203486
20,cases,run,1,0.4521,0.207788
20,cases,run,1,0.4904,0.235735
20,cases,run,1,0.5288,0.255801
20,cases,run,1,0.5671,0.321007
20,cases,run,1,0.6055,0.368299
20,cases,run,1,0.6438,0.385493
20,cases,run,1,0.6822,0.380483
20,cases,run,1,0.7205,0.362578
20,cases,run,1,0.7589,0.346815
20,cases,run,1,0.7973,0.330337
20,cases,run,1,0.8356,0.313861
20,cases,run,1,0.874,0.371904
20,cases,run,1,0.9123,0.4579
20,cases,run,1,0.9507,0.538166
20,cases,run,1,0.989,0.668602
20,cases,run,1,1.0274,0.47297
20,cases,run,1,1.0658,0.211403
20,cases,run,1,1.1041,0.188472
20,cases,run,1,1.1425,0.192774
20,cases,run,1,1.1808,0.195648
20,cases,run,1,1.2192,0.176302
20,cases,run,1,1.2575,0.179884
20,cases,run,1,1.2959,0.194222
20,cases,run,1,1.3342,0.184906
20,cases,run,1,1.3726,0.217876
20,cases,run,1,1.411,0.206411
20,cases,run,1,1.4493,0.215734
20,cases,run,1,1.4877,0.25157
20,cases,run,1,1.526,0.288124
20,cases,run,1,1.5644,0.377007
20,cases,run,1,1.6027,0.369126
20,cases,run,1,1.6411,0.399225
20,cases,run,1,1.6795,0.40783
20,cases,run,1,1.7178,0.407114
20,cases,run,1,1.7562,0.407113
20,cases,run,1,1.7945,0.370567
20,cases,run,1,1.8329,0.368426
20,cases,run,1,1.8712,0.38277
20,cases,run,1,1.9096,0.465198
20,cases,run,1,1.9479,0.566979
20,cases,run,1,1.9863,0.732554
20,cases,run,1,2.0247,0.547625
20,cases,run,1,2.063,0.260192
20,cases,run,1,2.1014,0.177047
20,cases,run,1,2.1397,0.197835
20,cases,run,1,2.1781,0.199269
20,cases,run,1,2.2164,0.188519
20,cases,run,1,2.2548,0.182787
20,cases,run,1,2.2932,0.197839
20,cases,run,1,2.3315,0.221502
20,cases,run,1,2.3699,0.227956
20,cases,run,1,2.4082,0.243009
20,cases,run,1,2.4466,0.237281
20,cases,run,1,2.4849,0.265244
20,cases,run,1,2.5233,0.301811
20,cases,run,1,2.5616,0.349845
20,cases,run,1,2.6,0.420813
20,cases,run,1,2.6384,0.435153
20,cases,run,1,2.6767,0.491795
20,cases,run,1,2.7151,0.448078
20,cases,run,1,2.7534,0.454533
20,cases,run,1,2.7918,0.396459
20,cases,run,1,2.8301,0.407217
20,cases,run,1,2.8685,0.455253
20,cases,run,1,2.9068,0.480356
20,cases,run,1,2.9452,0.598659
20,cases,run,1,2.9836,0.722701
20,cases,run,2,-3.0,0.473916
20,cases,run,2,-2.9616,0.248422
20,cases,run,2,-2.9233,0.151064
20,cases,run,2,-2.8849,0.144622
20,cases,run,2,-2.8466,0.133885
20,cases,run,2,-2.8082,0.133887
20,cases,run,2,-2.7699,0.11241
20,cases,run,2,-2.7315,0.128876
20,cases,run,2,-2.6932,0.109544
20,cases,run,2,-2.6548,0.144629
20,cases,run,2,-2.6164,0.138903
20,cases,run,2,-2.5781,0.142485
20,cases,run,2,-2.5397,0.156808
20,cases,run,2,-2.5014,0.197626
20,cases,run,2,-2.463,0.227703
20,cases,run,2,-2.4247,0.240598
20,cases,run,2,-2.3863,0.263513
20,cases,run,2,-2.3479,0.292163
20,cases,run,2,-2.3096,0.312226
20,cases,run,2,-2.2712,0.300765
20,cases,run,2,-2.2329,0.259232
20,cases,run,2,-2.1945,0.283583
20,cases,run,2,-2.1562,0.248493
20,cases,run,2,-2.1178,0.26998
20,cases,run,2,-2.0795,0.342325
20,cases,run,2,-2.0411,0.4383
20,cases,run,2,-2.0027,0.555047
20,cases,run,2,-1.9644,0.317275
20,cases,run,2,-1.926,0.161862
20,cases,run,2,-1.8877,0.166877
20,cases,run,2,-1.8493,0.148256
20,cases,run,2,-1.811,0.16831
20,cases,run,2,-1.7726,0.164731
20,cases,run,2,-1.7342,0.14253
20,cases,run,2,-1.6959,0.156857
20,cases,run,2,-1.6575,0.182644
20,cases,run,2,-1.6192,0.161156
20,cases,run,2,-1.5808,0.171185
20,cases,run,2,-1.5425,0.191244
20,cases,run,2,-1.5041,0.223483
20,cases,run,2,-1.4658,0.24497
20,cases,run,2,-1.4274,0.320184
20,cases,run,2,-1.389,0.326633
20,cases,run,2,-1.3507,0.318755
20,cases,run,2,-1.3123,0.357436
20,cases,run,2,-1.274,0.350274
20,cases,run,2,-1.2356,0.323057
20,cases,run,2,-1.1973,0.348842
20,cases,run,2,-1.1589,0.312309
20,cases,run,2,-1.1205,0.333087
20,cases,run,2,-1.0822,0.426215
20,cases,run,2,-1.0438,0.518629
20,cases,run,2,-1.0055,0.625374
20,cases,run,2,-0.9671,0.406893
20,cases,run,2,-0.9288,0.213478
20,cases,run,2,-0.8904,0.196288
20,cases,run,2,-0.8521,0.17695
20,cases,run,2,-0.8137,0.159757
20,cases,run,2,-0.7753,0.164054
20,cases,run,2,-0.737,0.159755
20,cases,run,2,-0.6986,0.207038
20,cases,run,2,-0.6603,0.175516
20,cases,run,2,-0.6219,0.184113
20,cases,run,2,-0.5836,0.211337
20,cases,run,2,-0.5452,0.228533
20,cases,run,2,-0.5068,0.24788
20,cases,run,2,-0.4685,0.308777
20,cases,run,2,-0.4301,0.310209
20,cases,run,2,-0.3918,0.386865
20,cases,run,2,-0.3534,0.395461
20,cases,run,2,-0.3151,0.409072
20,cases,run,2,-0.2767,0.404065
20,cases,run,2,-0.2384,0.366814
20,cases,run,2,-0.2,0.378281
20,cases,run,2,-0.1616,0.364671
20,cases,run,2,-0.1233,0.35895
20,cases,run,2,-0.0849,0.442079
20,cases,run,2,-0.0466,0.55672
20,cases,run,2,-0.0082,0.72081
20,cases,run,2,0.0301,0.47219
20,cases,run,2,0.0685,0.191314
20,cases,run,2,0.1068,0.162657
20,cases,run,2,0.1452,0.194187
20,cases,run,2,0.1836,0.179139
20,cases,run,2,0.2219,0.176281
20,cases,run,2,0.2603,0.169117
20,cases,run,2,0.2986,0.161235
20,cases,run,2,0.337,0.168404
20,cases,run,2,0.3753,0.172704
20,cases,run,2,0.4137,0.19277
20,cases,run,2,0.4521,0.215706
20,cases,run,2,0.4904,0.257989
20,cases,run,2,0.5288,0.275191
20,cases,run,2,0.5671,0.309588
20,cases,run,2,0.6055,0.36691
20,cases,run,2,0.6438,0.39558
20,cases,run,2,0.6822,0.391283
20,cases,run,2,0.7205,0.363339
20,cases,run,2,0.7589,0.367642
20,cases,run,2,0.7973,0.365494
20,cases,run,2,0.8356,0.344719
20,cases,run,2,0.874,0.339705
20,cases,run,2,0.9123,0.435745
20,cases,run,2,0.9507,0.495955
20,cases,run,2,0.989,0.702369
20,cases,run,2,1.0274,0.461571
20,cases,run,2,1.0658,0.225771
20,cases,run,2,1.1041,0.194239
20,cases,run,2,1.1425,0.169876
20,cases,run,2,1.1808,0.19425
20,cases,run,2,1.2192,0.179915
20,cases,run,2,1.2575,0.179198
20,cases,run,2,1.2959,0.169166
20,cases,run,2,1.3342,0.169165
20,cases,run,2,1.3726,0.194257
20,cases,run,2,1.411,0.207161
20,cases,run,2,1.4493,0.237269
20,cases,run,2,1.4877,0.263071
20,cases,run,2,1.526,0.320418
20,cases,run,2,1.5644,0.30752
20,cases,run,2,1.6027,0.36128
20,cases,run,2,1.6411,0.40931
20,cases,run,2,1.6795,0.462358
20,cases,run,2,1.7178,0.418645
20,cases,run,2,1.7562,0.386392
20,cases,run,2,1.7945,0.376363
20,cases,run,2,1.8329,0.346971
20,cases,run,2,1.8712,0.405041
20,cases,run,2,1.9096,0.455222
20,cases,run,2,1.9479,0.578531
20,cases,run,2,1.9863,0.739116
20,cases,run,2,2.0247,0.534802
20,cases,run,2,2.063,0.232276
20,cases,run,2,2.1014,0.197153
20,cases,run,2,2.1397,0.207909
20,cases,run,2,2.1781,0.195002
20,cases,run,2,2.2164,0.192851
20,cases,run,2,2.2548,0.183535
20,cases,run,2,2.2932,0.192139
20,cases,run,2,2.3315,0.212216
20,cases,run,2,2.3699,0.192141
20,cases,run,2,2.4082,0.210067
20,cases,run,2,2.4466,0.256672
20,cases,run,2,2.4849,0.281053
20,cases,run,2,2.5233,0.27819
20,cases,run,2,2.5616,0.362796
20,cases,run,2,2.6,0.405104
20,cases,run,2,2.6384,0.420169
20,cases,run,2,2.6767,0.481129
20,cases,run,2,2.7151,0.439552
20,cases,run,2,2.7534,0.429526
20,cases,run,2,2.7918,0.398698
20,cases,run,2,2.8301,0.375754
20,cases,run,2,2.8685,0.400865
20,cases,run,2,2.9068,0.510592
20,cases,run,2,2.9452,0.621048
20,cases,run,2,2.9836,0.69133
20,cases,run,3,-3.0,0.431665
20,cases,run,3,-2.9616,0.234805
20,cases,run,3,-2.9233,0.141745
20,cases,run,3,-2.8849,0.139599
20,cases,run,3,-2.8466,0.116691
20,cases,run,3,-2.8082,0.123852
20,cases,run,3,-2.7699,0.118128
20,cases,run,3,-2.7315,0.125289
20,cases,run,3,-2.6932,0.13102
20,cases,run,3,-2.6548,0.116701
20,cases,run,3,-2.6164,0.14749
20,cases,run,3,-2.5781,0.142481
20,cases,run,3,-2.5397,0.179712
20,cases,run,3,-2.5014,0.187591
20,cases,run,3,-2.463,0.192603
20,cases,run,3,-2.4247,0.228405
20,cases,run,3,-2.3863,0.267786
20,cases,run,3,-2.3479,0.29786
20,cases,run,3,-2.3096,0.303592
20,cases,run,3,-2.2712,0.280688
20,cases,run,3,-2.2329,0.254197
20,cases,run,3,-2.1945,0.250615
20,cases,run,3,-2.1562,0.269237
20,cases,run,3,-2.1178,0.283561
20,cases,run,3,-2.0795,0.337988
20,cases,run,3,-2.0411,0.422491
20,cases,run,3,-2.0027,0.509864
20,cases,run,3,-1.9644,0.302914
20,cases,run,3,-1.926,0.174014
20,cases,run,3,-1.8877,0.149669
20,cases,run,3,-1.8493,0.151105
20,cases,run,3,-1.811,0.153255
20,cases,run,3,-1.7726,0.143948
20,cases,run,3,-1.7342,0.123897
20,cases,run,3,-1.6959,0.151114
20,cases,run,3,-1.6575,0.141804
20,cases,run,3,-1.6192,0.160426
20,cases,run,3,-1.5808,0.166159
20,cases,run,3,-1.5425,0.180484
20,cases,run,3,-1.5041,0.214862
20,cases,run,3,-1.4658,0.239927
20,cases,run,3,-1.4274,0.242072
20,cases,run,3,-1.389,0.329451
20,cases,run,3,-1.3507,0.315124
20,cases,run,3,-1.3123,0.365974
20,cases,run,3,-1.274,0.33088
20,cases,run,3,-1.2356,0.327299
20,cases,run,3,-1.1973,0.290061
20,cases,run,3,-1.1589,0.322299
20,cases,run,3,-1.1205,0.320872
20,cases,run,3,-1.0822,0.379606
20,cases,run,3,-1.0438,0.492779
20,cases,run,3,-1.0055,0.608816
20,cases,run,3,-0.9671,0.360275
20,cases,run,3,-0.9288,0.206283
20,cases,run,3,-0.8904,0.166176
20,cases,run,3,-0.8521,0.162596
20,cases,run,3,-0.8137,0.176921
20,cases,run,3,-0.7753,0.159732
20,cases,run,3,-0.737,0.167614
20,cases,run,3,-0.6986,0.174063
20,cases,run,3,-0.6603,0.167616
20,cases,run,3,-0.6219,0.181943
20,cases,run,3,-0.5836,0.223489
20,cases,run,3,-0.5452,0.19054
20,cases,run,3,-0.5068,0.229219
20,cases,run,3,-0.4685,0.268615
20,cases,run,3,-0.4301,0.31016
20,cases,run,3,-0.3918,0.343828
20,cases,run,3,-0.3534,0.391829
20,cases,run,3,-0.3151,0.373214
20,cases,run,3,-0.2767,0.378235
20,cases,run,3,-0.2384,0.376087
20,cases,run,3,-0.2,0.30159
20,cases,run,3,-0.1616,0.357469
20,cases,run,3,-0.1233,0.350303
20,cases,run,3,-0.0849,0.426246
20,cases,run,3,-0.0466,0.565944
20,cases,run,3,-0.0082,0.661232
20,cases,run,3,0.0301,0.448467
20,cases,run,3,0.0685,0.204178
20,cases,run,3,0.1068,0.171225
20,cases,run,3,0.1452,0.179107
20,cases,run,3,0.1836,0.179106
20,cases,run,3,0.2219,0.158327
20,cases,run,3,0.2603,0.161908
20,cases,run,3,0.2986,0.189848
20,cases,run,3,0.337,0.17624
20,cases,run,3,0.3753,0.194868
20,cases,run,3,0.4137,0.21278
20,cases,run,3,0.4521,0.205619
20,cases,run,3,0.4904,0.237141
20,cases,run,3,0.5288,0.260071
20,cases,run,3,0.5671,0.274404
20,cases,run,3,0.6055,0.339601
20,cases,run,3,0.6438,0.351786
20,cases,run,3,0.6822,0.373999
20,cases,run,3,0.7205,0.396223
20,cases,run,3,0.7589,0.371867
20,cases,run,3,0.7973,0.333178
20,cases,run,3,0.8356,0.354683
20,cases,run,3,0.874,0.349675
20,cases,run,3,0.9123,0.437809
20,cases,run,3,0.9507,0.509471
20,cases,run,3,0.989,0.634173
20,cases,run,3,1.0274,0.472955
20,cases,run,3,1.0658,0.203518
20,cases,run,3,1.1041,0.18561
20,cases,run,3,1.1425,0.177013
20,cases,run,3,1.1808,0.172713
20,cases,run,3,1.2192,0.177014
20,cases,run,3,1.2575,0.159098
20,cases,run,3,1.2959,0.184899
20,cases,run,3,1.3342,0.196365
20,cases,run,3,1.3726,0.199239
20,cases,run,3,1.411,0.183474
20,cases,run,3,1.4493,0.22433
20,cases,run,3,1.4877,0.26447
20,cases,run,3,1.526,0.280237
20,cases,run,3,1.5644,0.326113
20,cases,run,3,1.6027,0.32827
20,cases,run,3,1.6411,0.382028
20,cases,run,3,1.6795,0.404965
20,cases,run,3,1.7178,0.402093
20,cases,run,3,1.7562,0.391342
20,cases,run,3,1.7945,0.35264
20,cases,run,3,1.8329,0.34834
20,cases,run,3,1.8712,0.359805
20,cases,run,3,1.9096,0.429336
20,cases,run,3,1.9479,0.596341
20,cases,run,3,1.9863,0.719622
20,cases,run,3,2.0247,0.562657
20,cases,run,3,2.063,0.2394
20,cases,run,3,2.1014,0.202844
20,cases,run,3,2.1397,0.231518
20,cases,run,3,2.1781,0.188512
20,cases,run,3,2.2164,0.205002
20,cases,run,3,2.2548,0.184932
20,cases,run,3,2.2932,0.219335
20,cases,run,3,2.3315,0.197115
20,cases,run,3,2.3699,0.196402
20,cases,run,3,2.4082,0.219346
20,cases,run,3,2.4466,0.243717
20,cases,run,3,2.4849,0.269526
20,cases,run,3,2.5233,0.303936
20,cases,run,3,2.5616,0.361999
20,cases,run,3,2.6,0.396408
20,cases,run,3,2.6384,0.422934
20,cases,run,3,2.6767,0.462361
20,cases,run,3,2.7151,0.455914
20,cases,run,3,2.7534,0.419361
20,cases,run,3,2.7918,0.426535
20,cases,run,3,2.8301,0.404317
20,cases,run,3,2.8685,0.427267
20,cases,run,3,2.9068,0.491075
20,cases,run,3,2.9452,0.581402
20,cases,run,3,2.9836,0.739828
20,cases,malariasim,,-3.0,0.462453
20,cases,malariasim,,-2.9616,0.238389
20,cases,malariasim,,-2.9233,0.144253
20,cases,malariasim,,-2.8849,0.135127
20,cases,malariasim,,-2.8466,0.129042
20,cases,malariasim,,-2.8082,0.126897
20,cases,malariasim,,-2.7699,0.114549
20,cases,malariasim,,-2.7315,0.122068
20,cases,malariasim,,-2.6932,0.118668
20,cases,malariasim,,-2.6548,0.127797
20,cases,malariasim,,-2.6164,0.140149
20,cases,malariasim,,-2.5781,0.144625
20,cases,malariasim,,-2.5397,0.169149
20,cases,malariasim,,-2.5014,0.188662
20,cases,malariasim,,-2.463,0.209964
20,cases,malariasim,,-2.4247,0.242186
20,cases,malariasim,,-2.3863,0.258833
20,cases,malariasim,,-2.3479,0.289445
20,cases,malariasim,,-2.3096,0.315587
20,cases,malariasim,,-2.2712,0.286234
20,cases,malariasim,,-2.2329,0.268513
20,cases,malariasim,,-2.1945,0.265653
20,cases,malariasim,,-2.1562,0.256167
20,cases,malariasim,,-2.1178,0.282126
20,cases,malariasim,,-2.0795,0.343713
20,cases,malariasim,,-2.0411,0.419626
20,cases,malariasim,,-2.0027,0.533311
20,cases,malariasim,,-1.9644,0.308819
20,cases,malariasim,,-1.926,0.174908
20,cases,malariasim,,-1.8877,0.151638
20,cases,malariasim,,-1.8493,0.150387
20,cases,malariasim,,-1.811,0.153253
20,cases,malariasim,,-1.7726,0.151823
20,cases,malariasim,,-1.7342,0.138038
20,cases,malariasim,,-1.6959,0.148783
20,cases,malariasim,,-1.6575,0.153621
20,cases,malariasim,,-1.6192,0.159887
20,cases,malariasim,,-1.5808,0.177255
20,cases,malariasim,,-1.5425,0.188357
20,cases,malariasim,,-1.5041,0.217365
20,cases,malariasim,,-1.4658,0.241181
20,cases,malariasim,,-1.4274,0.278787
20,cases,malariasim,,-1.389,0.305469
20,cases,malariasim,,-1.3507,0.329642
20,cases,malariasim,,-1.3123,0.354356
20,cases,malariasim,,-1.274,0.34093
20,cases,malariasim,,-1.2356,0.320873
20,cases,malariasim,,-1.1973,0.31443
20,cases,malariasim,,-1.1589,0.307093
20,cases,malariasim,,-1.1205,0.32429
20,cases,malariasim,,-1.0822,0.39216
20,cases,malariasim,,-1.0438,0.49656
20,cases,malariasim,,-1.0055,0.601855
20,cases,malariasim,,-0.9671,0.38984
20,cases,malariasim,,-0.9288,0.193579
20,cases,malariasim,,-0.8904,0.174779
20,cases,malariasim,,-0.8521,0.172991
20,cases,malariasim,,-0.8137,0.164395
20,cases,malariasim,,-0.7753,0.156875
20,cases,malariasim,,-0.737,0.165829
20,cases,malariasim,,-0.6986,0.185173
20,cases,malariasim,,-0.6603,0.176219
20,cases,malariasim,,-0.6219,0.181415
20,cases,malariasim,,-0.5836,0.210606
20,cases,malariasim,,-0.5452,0.213654
20,cases,malariasim,,-0.5068,0.240341
20,cases,malariasim,,-0.4685,0.282071
20,cases,malariasim,,-0.4301,0.308218
20,cases,malariasim,,-0.3918,0.35586
20,cases,malariasim,,-0.3534,0.38989
20,cases,malariasim,,-0.3151,0.389895
20,cases,malariasim,,-0.2767,0.388648
20,cases,malariasim,,-0.2384,0.379696
20,cases,malariasim,,-0.2,0.348181
20,cases,malariasim,,-0.1616,0.348006
20,cases,malariasim,,-0.1233,0.353024
20,cases,malariasim,,-0.0849,0.430761
20,cases,malariasim,,-0.0466,0.553097
20,cases,malariasim,,-0.0082,0.672034
20,cases,malariasim,,0.0301,0.453161
20,cases,malariasim,,0.0685,0.19667
20,cases,malariasim,,0.1068,0.172849
20,cases,malariasim,,0.1452,0.18324
20,cases,malariasim,,0.1836,0.181269
20,cases,malariasim,,0.2219,0.169449
20,cases,malariasim,,0.2603,0.16318
20,cases,malariasim,,0.2986,0.168553
20,cases,malariasim,,0.337,0.171601
20,cases,malariasim,,0.3753,0.184498
20,cases,malariasim,,0.4137,0.202234
20,cases,malariasim,,0.4521,0.216389
20,cases,malariasim,,0.4904,0.24344
20,cases,malariasim,,0.5288,0.26261
20,cases,malariasim,,0.5671,0.308651
20,cases,malariasim,,0.6055,0.35433
20,cases,malariasim,,0.6438,0.374754
20,cases,malariasim,,0.6822,0.383535
20,cases,malariasim,,0.7205,0.372253
20,cases,malariasim,,0.7589,0.367063
20,cases,malariasim,,0.7973,0.343779
20,cases,malariasim,,0.8356,0.33626
20,cases,malariasim,,0.874,0.359373
20,cases,malariasim,,0.9123,0.449311
20,cases,malariasim,,0.9507,0.523663
20,cases,malariasim,,0.989,0.667359
20,cases,malariasim,,1.0274,0.476744
20,cases,malariasim,,1.0658,0.214994
20,cases,malariasim,,1.1041,0.190632
20,cases,malariasim,,1.1425,0.187589
20,cases,malariasim,,1.1808,0.189743
20,cases,malariasim,,1.2192,0.180429
20,cases,malariasim,,1.2575,0.176488
20,cases,malariasim,,1.2959,0.178102
20,cases,malariasim,,1.3342,0.185448
20,cases,malariasim,,1.3726,0.199249
20,cases,malariasim,,1.411,0.203194
20,cases,malariasim,,1.4493,0.225775
20,cases,malariasim,,1.4877,0.257132
20,cases,malariasim,,1.526,0.294583
20,cases,malariasim,,1.5644,0.338488
20,cases,malariasim,,1.6027,0.365014
20,cases,malariasim,,1.6411,0.397987
20,cases,malariasim,,1.6795,0.426484
20,cases,malariasim,,1.7178,0.421111
20,cases,malariasim,,1.7562,0.399072
20,cases,malariasim,,1.7945,0.372019
20,cases,malariasim,,1.8329,0.352488
20,cases,malariasim,,1.8712,0.389587
20,cases,malariasim,,1.9096,0.45195
20,cases,malariasim,,1.9479,0.585099
20,cases,malariasim,,1.9863,0.734197
20,cases,malariasim,,2.0247,0.553921
20,cases,malariasim,,2.063,0.249455
20,cases,malariasim,,2.1014,0.198741
20,cases,malariasim,,2.1397,0.211107
20,cases,malariasim,,2.1781,0.194083
20,cases,malariasim,,2.2164,0.195159
20,cases,malariasim,,2.2548,0.186738
20,cases,malariasim,,2.2932,0.19713
20,cases,malariasim,,2.3315,0.208065
20,cases,malariasim,,2.3699,0.209322
20,cases,malariasim,,2.4082,0.219361
20,cases,malariasim,,2.4466,0.239975
20,cases,malariasim,,2.4849,0.274209
20,cases,malariasim,,2.5233,0.298765
20,cases,malariasim,,2.5616,0.356119
20,cases,malariasim,,2.6,0.397523
20,cases,malariasim,,2.6384,0.420109
20,cases,malariasim,,2.6767,0.475676
20,cases,malariasim,,2.7151,0.447008
20,cases,malariasim,,2.7534,0.432138
20,cases,malariasim,,2.7918,0.404896
20,cases,malariasim,,2.8301,0.399522
20,cases,malariasim,,2.8685,0.421577
20,cases,malariasim,,2.9068,0.493107
20,cases,malariasim,,2.9452,0.59672
20,cases,malariasim,,2.9836,0.728109
20,cases,pipeline,,-3.0,0.506628
20,cases,pipeline,,-2.9616,0.26229
20,cases,pipeline,,-2.9233,0.143893
20,cases,pipeline,,-2.8849,0.137717
20,cases,pipeline,,-2.8466,0.129005
20,cases,pipeline,,-2.8082,0.12768
20,cases,pipeline,,-2.7699,0.125313
20,cases,pipeline,,-2.7315,0.129331
20,cases,pipeline,,-2.6932,0.135862
20,cases,pipeline,,-2.6548,0.143153
20,cases,pipeline,,-2.6164,0.151849
20,cases,pipeline,,-2.5781,0.16302
20,cases,pipeline,,-2.5397,0.176835
20,cases,pipeline,,-2.5014,0.195982
20,cases,pipeline,,-2.463,0.222357
20,cases,pipeline,,-2.4247,0.251229
20,cases,pipeline,,-2.3863,0.280131
20,cases,pipeline,,-2.3479,0.302175
20,cases,pipeline,,-2.3096,0.308444
20,cases,pipeline,,-2.2712,0.303109
20,cases,pipeline,,-2.2329,0.288013
20,cases,pipeline,,-2.1945,0.269419
20,cases,pipeline,,-2.1562,0.263161
20,cases,pipeline,,-2.1178,0.292448
20,cases,pipeline,,-2.0795,0.354426
20,cases,pipeline,,-2.0411,0.450713
20,cases,pipeline,,-2.0027,0.530168
20,cases,pipeline,,-1.9644,0.332752
20,cases,pipeline,,-1.926,0.17434
20,cases,pipeline,,-1.8877,0.155789
20,cases,pipeline,,-1.8493,0.158814
20,cases,pipeline,,-1.811,0.157335
20,cases,pipeline,,-1.7726,0.15156
20,cases,pipeline,,-1.7342,0.152208
20,cases,pipeline,,-1.6959,0.156857
20,cases,pipeline,,-1.6575,0.163013
20,cases,pipeline,,-1.6192,0.170956
20,cases,pipeline,,-1.5808,0.182647
20,cases,pipeline,,-1.5425,0.198683
20,cases,pipeline,,-1.5041,0.221341
20,cases,pipeline,,-1.4658,0.252539
20,cases,pipeline,,-1.4274,0.288489
20,cases,pipeline,,-1.389,0.324977
20,cases,pipeline,,-1.3507,0.352539
20,cases,pipeline,,-1.3123,0.361207
20,cases,pipeline,,-1.274,0.356538
20,cases,pipeline,,-1.2356,0.341185
20,cases,pipeline,,-1.1973,0.320643
20,cases,pipeline,,-1.1589,0.315916
20,cases,pipeline,,-1.1205,0.347488
20,cases,pipeline,,-1.0822,0.413462
20,cases,pipeline,,-1.0438,0.528194
20,cases,pipeline,,-1.0055,0.640754
20,cases,pipeline,,-0.9671,0.424259
20,cases,pipeline,,-0.9288,0.210581
20,cases,pipeline,,-0.8904,0.181443
20,cases,pipeline,,-0.8521,0.18187
20,cases,pipeline,,-0.8137,0.178656
20,cases,pipeline,,-0.7753,0.170507
20,cases,pipeline,,-0.737,0.168676
20,cases,pipeline,,-0.6986,0.171981
20,cases,pipeline,,-0.6603,0.177452
20,cases,pipeline,,-0.6219,0.184966
20,cases,pipeline,,-0.5836,0.197108
20,cases,pipeline,,-0.5452,0.214683
20,cases,pipeline,,-0.5068,0.23985
20,cases,pipeline,,-0.4685,0.274449
20,cases,pipeline,,-0.4301,0.316093
20,cases,pipeline,,-0.3918,0.359547
20,cases,pipeline,,-0.3534,0.393317
20,cases,pipeline,,-0.3151,0.406349
20,cases,pipeline,,-0.2767,0.403701
20,cases,pipeline,,-0.2384,0.388518
20,cases,pipeline,,-0.2,0.365591
20,cases,pipeline,,-0.1616,0.358899
20,cases,pipeline,,-0.1233,0.388519
20,cases,pipeline,,-0.0849,0.455153
20,cases,pipeline,,-0.0466,0.580966
20,cases,pipeline,,-0.0082,0.717791
20,cases,pipeline,,0.0301,0.497357
20,cases,pipeline,,0.0685,0.261553
20,cases,pipeline,,0.1068,0.190265
20,cases,pipeline,,0.1452,0.196705
20,cases,pipeline,,0.1836,0.185372
20,cases,pipeline,,0.2219,0.176582
20,cases,pipeline,,0.2603,0.178591
20,cases,pipeline,,0.2986,0.180109
20,cases,pipeline,,0.337,0.185793
20,cases,pipeline,,0.3753,0.196296
20,cases,pipeline,,0.4137,0.210698
20,cases,pipeline,,0.4521,0.229102
20,cases,pipeline,,0.4904,0.255669
20,cases,pipeline,,0.5288,0.294188
20,cases,pipeline,,0.5671,0.341161
20,cases,pipeline,,0.6055,0.383525
20,cases,pipeline,,0.6438,0.40789
20,cases,pipeline,,0.6822,0.416532
20,cases,pipeline,,0.7205,0.409916
20,cases,pipeline,,0.7589,0.387536
20,cases,pipeline,,0.7973,0.360318
20,cases,pipeline,,0.8356,0.354505
20,cases,pipeline,,0.874,0.393536
20,cases,pipeline,,0.9123,0.463051
20,cases,pipeline,,0.9507,0.583567
20,cases,pipeline,,0.989,0.726749
20,cases,pipeline,,1.0274,0.564824
20,cases,pipeline,,1.0658,0.264044
20,cases,pipeline,,1.1041,0.215614
20,cases,pipeline,,1.1425,0.211771
20,cases,pipeline,,1.1808,0.209428
20,cases,pipeline,,1.2192,0.203454
20,cases,pipeline,,1.2575,0.200055
20,cases,pipeline,,1.2959,0.200311
20,cases,pipeline,,1.3342,0.204644
20,cases,pipeline,,1.3726,0.214054
20,cases,pipeline,,1.411,0.229382
20,cases,pipeline,,1.4493,0.250283
20,cases,pipeline,,1.4877,0.280315
20,cases,pipeline,,1.526,0.321516
20,cases,pipeline,,1.5644,0.374578
20,cases,pipeline,,1.6027,0.432749
20,cases,pipeline,,1.6411,0.465516
20,cases,pipeline,,1.6795,0.473236
20,cases,pipeline,,1.7178,0.465205
20,cases,pipeline,,1.7562,0.440181
20,cases,pipeline,,1.7945,0.409064
20,cases,pipeline,,1.8329,0.397959
20,cases,pipeline,,1.8712,0.425496
20,cases,pipeline,,1.9096,0.487843
20,cases,pipeline,,1.9479,0.615685
20,cases,pipeline,,1.9863,0.762277
20,cases,pipeline,,2.0247,0.615443
20,cases,pipeline,,2.063,0.287855
20,cases,pipeline,,2.1014,0.229427
20,cases,pipeline,,2.1397,0.222398
20,cases,pipeline,,2.1781,0.219364
20,cases,pipeline,,2.2164,0.21095
20,cases,pipeline,,2.2548,0.205009
20,cases,pipeline,,2.2932,0.204874
20,cases,pipeline,,2.3315,0.210029
20,cases,pipeline,,2.3699,0.220464
20,cases,pipeline,,2.4082,0.236429
20,cases,pipeline,,2.4466,0.257638
20,cases,pipeline,,2.4849,0.287856
20,cases,pipeline,,2.5233,0.328537
20,cases,pipeline,,2.5616,0.376662
20,cases,pipeline,,2.6,0.429365
20,cases,pipeline,,2.6384,0.469678
20,cases,pipeline,,2.6767,0.483455
20,cases,pipeline,,2.7151,0.477451
20,cases,pipeline,,2.7534,0.453849
20,cases,pipeline,,2.7918,0.424582
20,cases,pipeline,,2.8301,0.414068
20,cases,pipeline,,2.8685,0.437875
20,cases,pipeline,,2.9068,0.499706
20,cases,pipeline,,2.9452,0.613966
20,cases,pipeline,,2.9836,0.726474
20,cases,emulator,,-3.0,0.472924
20,cases,emulator,,-2.9616,0.24187
20,cases,emulator,,-2.9233,0.133134
20,cases,emulator,,-2.8849,0.127803
20,cases,emulator,,-2.8466,0.118873
20,cases,emulator,,-2.8082,0.117882
20,cases,emulator,,-2.7699,0.116017
20,cases,emulator,,-2.7315,0.119729
20,cases,emulator,,-2.6932,0.125874
20,cases,emulator,,-2.6548,0.132793
20,cases,emulator,,-2.6164,0.14095
20,cases,emulator,,-2.5781,0.151324
20,cases,emulator,,-2.5397,0.163953
20,cases,emulator,,-2.5014,0.18136
20,cases,emulator,,-2.463,0.205695
20,cases,emulator,,-2.4247,0.232584
20,cases,emulator,,-2.3863,0.259576
20,cases,emulator,,-2.3479,0.280432
20,cases,emulator,,-2.3096,0.286631
20,cases,emulator,,-2.2712,0.281928
20,cases,emulator,,-2.2329,0.268039
20,cases,emulator,,-2.1945,0.250469
20,cases,emulator,,-2.1562,0.24464
20,cases,emulator,,-2.1178,0.271274
20,cases,emulator,,-2.0795,0.328558
20,cases,emulator,,-2.0411,0.417724
20,cases,emulator,,-2.0027,0.489547
20,cases,emulator,,-1.9644,0.308253
20,cases,emulator,,-1.926,0.160521
20,cases,emulator,,-1.8877,0.145168
20,cases,emulator,,-1.8493,0.148625
20,cases,emulator,,-1.811,0.147333
20,cases,emulator,,-1.7726,0.141934
20,cases,emulator,,-1.7342,0.142349
20,cases,emulator,,-1.6959,0.146657
20,cases,emulator,,-1.6575,0.152507
20,cases,emulator,,-1.6192,0.159966
20,cases,emulator,,-1.5808,0.170831
20,cases,emulator,,-1.5425,0.185638
20,cases,emulator,,-1.5041,0.206503
20,cases,emulator,,-1.4658,0.235336
20,cases,emulator,,-1.4274,0.268479
20,cases,emulator,,-1.389,0.302074
20,cases,emulator,,-1.3507,0.327603
20,cases,emulator,,-1.3123,0.335539
20,cases,emulator,,-1.274,0.331124
20,cases,emulator,,-1.2356,0.316875
20,cases,emulator,,-1.1973,0.297449
20,cases,emulator,,-1.1589,0.293181
20,cases,emulator,,-1.1205,0.322227
20,cases,emulator,,-1.0822,0.383783
20,cases,emulator,,-1.0438,0.491235
20,cases,emulator,,-1.0055,0.594932
20,cases,emulator,,-0.9671,0.394635
20,cases,emulator,,-0.9288,0.193863
20,cases,emulator,,-0.8904,0.16844
20,cases,emulator,,-0.8521,0.169912
20,cases,emulator,,-0.8137,0.167094
20,cases,emulator,,-0.7753,0.159457
20,cases,emulator,,-0.737,0.157535
20,cases,emulator,,-0.6986,0.160577
20,cases,emulator,,-0.6603,0.165759
20,cases,emulator,,-0.6219,0.172755
20,cases,emulator,,-0.5836,0.183946
20,cases,emulator,,-0.5452,0.200083
20,cases,emulator,,-0.5068,0.223139
20,cases,emulator,,-0.4685,0.254944
20,cases,emulator,,-0.4301,0.293124
20,cases,emulator,,-0.3918,0.332993
20,cases,emulator,,-0.3534,0.364298
20,cases,emulator,,-0.3151,0.376356
20,cases,emulator,,-0.2767,0.373873
20,cases,emulator,,-0.2384,0.359847
20,cases,emulator,,-0.2,0.338282
20,cases,emulator,,-0.1616,0.332394
20,cases,emulator,,-0.1233,0.359993
20,cases,emulator,,-0.0849,0.42205
20,cases,emulator,,-0.0466,0.539787
20,cases,emulator,,-0.0082,0.666811
20,cases,emulator,,0.0301,0.463322
20,cases,emulator,,0.0685,0.240634
20,cases,emulator,,0.1068,0.175375
20,cases,emulator,,0.1452,0.183062
20,cases,emulator,,0.1836,0.173075
20,cases,emulator,,0.2219,0.164706
20,cases,emulator,,0.2603,0.166706
20,cases,emulator,,0.2986,0.168073
20,cases,emulator,,0.337,0.173333
20,cases,emulator,,0.3753,0.183134
20,cases,emulator,,0.4137,0.196609
20,cases,emulator,,0.4521,0.21381
20,cases,emulator,,0.4904,0.238674
20,cases,emulator,,0.5288,0.27496
20,cases,emulator,,0.5671,0.319413
20,cases,emulator,,0.6055,0.359778
20,cases,emulator,,0.6438,0.38295
20,cases,emulator,,0.6822,0.390954
20,cases,emulator,,0.7205,0.384391
20,cases,emulator,,0.7589,0.363005
20,cases,emulator,,0.7973,0.337241
20,cases,emulator,,0.8356,0.332056
20,cases,emulator,,0.874,0.36921
20,cases,emulator,,0.9123,0.435175
20,cases,emulator,,0.9507,0.549553
20,cases,emulator,,0.989,0.683984
20,cases,emulator,,1.0274,0.530904
20,cases,emulator,,1.0658,0.24859
20,cases,emulator,,1.1041,0.203154
20,cases,emulator,,1.1425,0.199737
20,cases,emulator,,1.1808,0.197531
20,cases,emulator,,1.2192,0.191751
20,cases,emulator,,1.2575,0.18834
20,cases,emulator,,1.2959,0.188321
20,cases,emulator,,1.3342,0.192153
20,cases,emulator,,1.3726,0.200835
20,cases,emulator,,1.411,0.215113
20,cases,emulator,,1.4493,0.234593
20,cases,emulator,,1.4877,0.262574
20,cases,emulator,,1.526,0.300957
20,cases,emulator,,1.5644,0.350652
20,cases,emulator,,1.6027,0.40526
20,cases,emulator,,1.6411,0.43544
20,cases,emulator,,1.6795,0.441889
20,cases,emulator,,1.7178,0.433999
20,cases,emulator,,1.7562,0.4106
20,cases,emulator,,1.7945,0.381476
20,cases,emulator,,1.8329,0.371378
20,cases,emulator,,1.8712,0.397871
20,cases,emulator,,1.9096,0.45699
20,cases,emulator,,1.9479,0.578271
20,cases,emulator,,1.9863,0.71613
20,cases,emulator,,2.0247,0.576882
20,cases,emulator,,2.063,0.271149
20,cases,emulator,,2.1014,0.216295
20,cases,emulator,,2.1397,0.209727
20,cases,emulator,,2.1781,0.206773
20,cases,emulator,,2.2164,0.198614
20,cases,emulator,,2.2548,0.192922
20,cases,emulator,,2.2932,0.192758
20,cases,emulator,,2.3315,0.197599
20,cases,emulator,,2.3699,0.207417
20,cases,emulator,,2.4082,0.222417
20,cases,emulator,,2.4466,0.242259
20,cases,emulator,,2.4849,0.270411
20,cases,emulator,,2.5233,0.30828
20,cases,emulator,,2.5616,0.3532
20,cases,emulator,,2.6,0.40258
20,cases,emulator,,2.6384,0.44008
20,cases,emulator,,2.6767,0.452467
20,cases,emulator,,2.7151,0.446601
20,cases,emulator,,2.7534,0.424572
20,cases,emulator,,2.7918,0.397261
20,cases,emulator,,2.8301,0.387842
20,cases,emulator,,2.8685,0.411035
20,cases,emulator,,2.9068,0.469906
20,cases,emulator,,2.9452,0.578516
20,cases,emulator,,2.9836,0.684535
27,prevalence,run,0,-3.0,0.061304
27,prevalence,run,0,-2.9616,0.061842
27,prevalence,run,0,-2.9233,0.061422
27,prevalence,run,0,-2.8849,0.060558
27,prevalence,run,0,-2.8466,0.059221
27,prevalence,run,0,-2.8082,0.057895
27,prevalence,run,0,-2.7699,0.057278
27,prevalence,run,0,-2.7315,0.05612
27,prevalence,run,0,-2.6932,0.054818
27,prevalence,run,0,-2.6548,0.055455
27,prevalence,run,0,-2.6164,0.056147
27,prevalence,run,0,-2.5781,0.055806
27,prevalence,run,0,-2.5397,0.055563
27,prevalence,run,0,-2.5014,0.055202
27,prevalence,run,0,-2.463,0.05561
27,prevalence,run,0,-2.4247,0.056609
27,prevalence,run,0,-2.3863,0.058315
27,prevalence,run,0,-2.3479,0.0601
27,prevalence,run,0,-2.3096,0.06116
27,prevalence,run,0,-2.2712,0.061943
27,prevalence,run,0,-2.2329,0.061886
27,prevalence,run,0,-2.1945,0.061004
27,prevalence,run,0,-2.1562,0.060537
27,prevalence,run,0,-2.1178,0.05969
27,prevalence,run,0,-2.0795,0.059348
27,prevalence,run,0,-2.0411,0.059967
27,prevalence,run,0,-2.0027,0.061158
27,prevalence,run,0,-1.9644,0.062167
27,prevalence,run,0,-1.926,0.062206
27,prevalence,run,0,-1.8877,0.061665
27,prevalence,run,0,-1.8493,0.061507
27,prevalence,run,0,-1.811,0.060648
27,prevalence,run,0,-1.7726,0.059297
27,prevalence,run,0,-1.7342,0.058738
27,prevalence,run,0,-1.6959,0.058838
27,prevalence,run,0,-1.6575,0.058207
27,prevalence,run,0,-1.6192,0.058367
27,prevalence,run,0,-1.5808,0.057851
27,prevalence,run,0,-1.5425,0.05789
27,prevalence,run,0,-1.5041,0.058117
27,prevalence,run,0,-1.4658,0.058718
27,prevalence,run,0,-1.4274,0.059106
27,prevalence,run,0,-1.389,0.059555
27,prevalence,run,0,-1.3507,0.061029
27,prevalence,run,0,-1.3123,0.063125
27,prevalence,run,0,-1.274,0.064116
27,prevalence,run,0,-1.2356,0.065281
27,prevalence,run,0,-1.1973,0.065554
27,prevalence,run,0,-1.1589,0.064724
27,prevalence,run,0,-1.1205,0.063551
27,prevalence,run,0,-1.0822,0.062609
27,prevalence,run,0,-1.0438,0.062493
27,prevalence,run,0,-1.0055,0.062481
27,prevalence,run,0,-0.9671,0.063004
27,prevalence,run,0,-0.9288,0.063145
27,prevalence,run,0,-0.8904,0.063106
27,prevalence,run,0,-0.8521,0.062202
27,prevalence,run,0,-0.8137,0.062537
27,prevalence,run,0,-0.7753,0.061903
27,prevalence,run,0,-0.737,0.061614
27,prevalence,run,0,-0.6986,0.060514
27,prevalence,run,0,-0.6603,0.05976
27,prevalence,run,0,-0.6219,0.05938
27,prevalence,run,0,-0.5836,0.059831
27,prevalence,run,0,-0.5452,0.06055
27,prevalence,run,0,-0.5068,0.061005
27,prevalence,run,0,-0.4685,0.062181
27,prevalence,run,0,-0.4301,0.062976
27,prevalence,run,0,-0.3918,0.064213
27,prevalence,run,0,-0.3534,0.065467
27,prevalence,run,0,-0.3151,0.066894
27,prevalence,run,0,-0.2767,0.06779
27,prevalence,run,0,-0.2384,0.068185
27,prevalence,run,0,-0.2,0.067061
27,prevalence,run,0,-0.1616,0.06686
27,prevalence,run,0,-0.1233,0.066031
27,prevalence,run,0,-0.0849,0.064623
27,prevalence,run,0,-0.0466,0.064387
27,prevalence,run,0,-0.0082,0.065312
27,prevalence,run,0,0.0301,0.066618
27,prevalence,run,0,0.0685,0.064996
27,prevalence,run,0,0.1068,0.062462
27,prevalence,run,0,0.1452,0.059639
27,prevalence,run,0,0.1836,0.056629
27,prevalence,run,0,0.2219,0.054045
27,prevalence,run,0,0.2603,0.051596
27,prevalence,run,0,0.2986,0.050039
27,prevalence,run,0,0.337,0.047655
27,prevalence,run,0,0.3753,0.044541
27,prevalence,run,0,0.4137,0.04297
27,prevalence,run,0,0.4521,0.042336
27,prevalence,run,0,0.4904,0.041728
27,prevalence,run,0,0.5288,0.040787
27,prevalence,run,0,0.5671,0.040021
27,prevalence,run,0,0.6055,0.039422
27,prevalence,run,0,0.6438,0.038635
27,prevalence,run,0,0.6822,0.038524
27,prevalence,run,0,0.7205,0.038559
27,prevalence,run,0,0.7589,0.037637
27,prevalence,run,0,0.7973,0.036425
27,prevalence,run,0,0.8356,0.035498
27,prevalence,run,0,0.874,0.034969
27,prevalence,run,0,0.9123,0.03486
27,prevalence,run,0,0.9507,0.034542
27,prevalence,run,0,0.989,0.034149
27,prevalence,run,0,1.0274,0.034909
27,prevalence,run,0,1.0658,0.03515
27,prevalence,run,0,1.1041,0.034219
27,prevalence,run,0,1.1425,0.032753
27,prevalence,run,0,1.1808,0.032261
27,prevalence,run,0,1.2192,0.031019
27,prevalence,run,0,1.2575,0.030929
27,prevalence,run,0,1.2959,0.030122
27,prevalence,run,0,1.3342,0.029163
27,prevalence,run,0,1.3726,0.028228
27,prevalence,run,0,1.411,0.027749
27,prevalence,run,0,1.4493,0.028082
27,prevalence,run,0,1.4877,0.028268
27,prevalence,run,0,1.526,0.028528
27,prevalence,run,0,1.5644,0.028232
27,prevalence,run,0,1.6027,0.027585
27,prevalence,run,0,1.6411,0.027524
27,prevalence,run,0,1.6795,0.028061
27,prevalence,run,0,1.7178,0.028473
27,prevalence,run,0,1.7562,0.028779
27,prevalence,run,0,1.7945,0.028497
27,prevalence,run,0,1.8329,0.028492
27,prevalence,run,0,1.8712,0.027801
27,prevalence,run,0,1.9096,0.027736
27,prevalence,run,0,1.9479,0.028332
27,prevalence,run,0,1.9863,0.028939
27,prevalence,run,0,2.0247,0.029611
27,prevalence,run,0,2.063,0.029591
27,prevalence,run,0,2.1014,0.028629
27,prevalence,run,0,2.1397,0.028114
27,prevalence,run,0,2.1781,0.027121
27,prevalence,run,0,2.2164,0.025984
27,prevalence,run,0,2.2548,0.02496
27,prevalence,run,0,2.2932,0.024391
27,prevalence,run,0,2.3315,0.023417
27,prevalence,run,0,2.3699,0.02327
27,prevalence,run,0,2.4082,0.023146
27,prevalence,run,0,2.4466,0.022333
27,prevalence,run,0,2.4849,0.021704
27,prevalence,run,0,2.5233,0.021438
27,prevalence,run,0,2.5616,0.021935
27,prevalence,run,0,2.6,0.02171
27,prevalence,run,0,2.6384,0.02235
27,prevalence,run,0,2.6767,0.02231
27,prevalence,run,0,2.7151,0.022579
27,prevalence,run,0,2.7534,0.023225
27,prevalence,run,0,2.7918,0.023411
27,prevalence,run,0,2.8301,0.024067
27,prevalence,run,0,2.8685,0.023835
27,prevalence,run,0,2.9068,0.023299
27,prevalence,run,0,2.9452,0.02314
27,prevalence,run,0,2.9836,0.02405
27,prevalence,run,1,-3.0,0.059285
27,prevalence,run,1,-2.9616,0.061127
27,prevalence,run,1,-2.9233,0.060683
27,prevalence,run,1,-2.8849,0.060797
27,prevalence,run,1,-2.8466,0.060676
27,prevalence,run,1,-2.8082,0.059541
27,prevalence,run,1,-2.7699,0.059933
27,prevalence,run,1,-2.7315,0.059551
27,prevalence,run,1,-2.6932,0.059044
27,prevalence,run,1,-2.6548,0.058546
27,prevalence,run,1,-2.6164,0.057194
27,prevalence,run,1,-2.5781,0.057417
27,prevalence,run,1,-2.5397,0.057632
27,prevalence,run,1,-2.5014,0.057877
27,prevalence,run,1,-2.463,0.058833
27,prevalence,run,1,-2.4247,0.059122
27,prevalence,run,1,-2.3863,0.059252
27,prevalence,run,1,-2.3479,0.06022
27,prevalence,run,1,-2.3096,0.061446
27,prevalence,run,1,-2.2712,0.062668
27,prevalence,run,1,-2.2329,0.06369
27,prevalence,run,1,-2.1945,0.062684
27,prevalence,run,1,-2.1562,0.061495
27,prevalence,run,1,-2.1178,0.059817
27,prevalence,run,1,-2.0795,0.058652
27,prevalence,run,1,-2.0411,0.058827
27,prevalence,run,1,-2.0027,0.059518
27,prevalence,run,1,-1.9644,0.060216
27,prevalence,run,1,-1.926,0.060504
27,prevalence,run,1,-1.8877,0.060553
27,prevalence,run,1,-1.8493,0.060922
27,prevalence,run,1,-1.811,0.060502
27,prevalence,run,1,-1.7726,0.059354
27,prevalence,run,1,-1.7342,0.058788
27,prevalence,run,1,-1.6959,0.058081
27,prevalence,run,1,-1.6575,0.057369
27,prevalence,run,1,-1.6192,0.056177
27,prevalence,run,1,-1.5808,0.055144
27,prevalence,run,1,-1.5425,0.054853
27,prevalence,run,1,-1.5041,0.055119
27,prevalence,run,1,-1.4658,0.05615
27,prevalence,run,1,-1.4274,0.057922
27,prevalence,run,1,-1.389,0.05857
27,prevalence,run,1,-1.3507,0.058925
27,prevalence,run,1,-1.3123,0.060905
27,prevalence,run,1,-1.274,0.061658
27,prevalence,run,1,-1.2356,0.062328
27,prevalence,run,1,-1.1973,0.061141
27,prevalence,run,1,-1.1589,0.059762
27,prevalence,run,1,-1.1205,0.059635
27,prevalence,run,1,-1.0822,0.060105
27,prevalence,run,1,-1.0438,0.060021
27,prevalence,run,1,-1.0055,0.061222
27,prevalence,run,1,-0.9671,0.062226
27,prevalence,run,1,-0.9288,0.062465
27,prevalence,run,1,-0.8904,0.061464
27,prevalence,run,1,-0.8521,0.060323
27,prevalence,run,1,-0.8137,0.059383
27,prevalence,run,1,-0.7753,0.058306
27,prevalence,run,1,-0.737,0.058177
27,prevalence,run,1,-0.6986,0.058525
27,prevalence,run,1,-0.6603,0.057894
27,prevalence,run,1,-0.6219,0.057202
27,prevalence,run,1,-0.5836,0.057189
27,prevalence,run,1,-0.5452,0.057439
27,prevalence,run,1,-0.5068,0.058235
27,prevalence,run,1,-0.4685,0.059743
27,prevalence,run,1,-0.4301,0.060752
27,prevalence,run,1,-0.3918,0.061985
27,prevalence,run,1,-0.3534,0.063367
27,prevalence,run,1,-0.3151,0.065315
27,prevalence,run,1,-0.2767,0.06626
27,prevalence,run,1,-0.2384,0.06678
27,prevalence,run,1,-0.2,0.066463
27,prevalence,run,1,-0.1616,0.065648
27,prevalence,run,1,-0.1233,0.063808
27,prevalence,run,1,-0.0849,0.062314
27,prevalence,run,1,-0.0466,0.062393
27,prevalence,run,1,-0.0082,0.064056
27,prevalence,run,1,0.0301,0.065687
27,prevalence,run,1,0.0685,0.063304
27,prevalence,run,1,0.1068,0.060074
27,prevalence,run,1,0.1452,0.057347
27,prevalence,run,1,0.1836,0.054084
27,prevalence,run,1,0.2219,0.051232
27,prevalence,run,1,0.2603,0.04914
27,prevalence,run,1,0.2986,0.046869
27,prevalence,run,1,0.337,0.045696
27,prevalence,run,1,0.3753,0.04441
27,prevalence,run,1,0.4137,0.042724
27,prevalence,run,1,0.4521,0.041221
27,prevalence,run,1,0.4904,0.040613
27,prevalence,run,1,0.5288,0.040352
27,prevalence,run,1,0.5671,0.04062
27,prevalence,run,1,0.6055,0.040564
27,prevalence,run,1,0.6438,0.040136
27,prevalence,run,1,0.6822,0.040117
27,prevalence,run,1,0.7205,0.040218
27,prevalence,run,1,0.7589,0.039515
27,prevalence,run,1,0.7973,0.038303
27,prevalence,run,1,0.8356,0.037204
27,prevalence,run,1,0.874,0.036506
27,prevalence,run,1,0.9123,0.035337
27,prevalence,run,1,0.9507,0.03561
27,prevalence,run,1,0.989,0.036325
27,prevalence,run,1,1.0274,0.036049
27,prevalence,run,1,1.0658,0.035646
27,prevalence,run,1,1.1041,0.034663
27,prevalence,run,1,1.1425,0.033643
27,prevalence,run,1,1.1808,0.031962
27,prevalence,run,1,1.2192,0.030667
27,prevalence,run,1,1.2575,0.02924
27,prevalence,run,1,1.2959,0.028255
27,prevalence,run,1,1.3342,0.027433
27,prevalence,run,1,1.3726,0.026829
27,prevalence,run,1,1.411,0.027127
27,prevalence,run,1,1.4493,0.027017
27,prevalence,run,1,1.4877,0.027231
27,prevalence,run,1,1.526,0.026947
27,prevalence,run,1,1.5644,0.027155
27,prevalence,run,1,1.6027,0.027118
27,prevalence,run,1,1.6411,0.027014
27,prevalence,run,1,1.6795,0.027357
27,prevalence,run,1,1.7178,0.028207
27,prevalence,run,1,1.7562,0.028552
27,prevalence,run,1,1.7945,0.028624
27,prevalence,run,1,1.8329,0.028197
27,prevalence,run,1,1.8712,0.027991
27,prevalence,run,1,1.9096,0.027591
27,prevalence,run,1,1.9479,0.027768
27,prevalence,run,1,1.9863,0.028202
27,prevalence,run,1,2.0247,0.029116
27,prevalence,run,1,2.063,0.029439
27,prevalence,run,1,2.1014,0.028693
27,prevalence,run,1,2.1397,0.027866
27,prevalence,run,1,2.1781,0.026706
27,prevalence,run,1,2.2164,0.025537
27,prevalence,run,1,2.2548,0.025017
27,prevalence,run,1,2.2932,0.024436
27,prevalence,run,1,2.3315,0.023903
27,prevalence,run,1,2.3699,0.023202
27,prevalence,run,1,2.4082,0.022839
27,prevalence,run,1,2.4466,0.023018
27,prevalence,run,1,2.4849,0.023236
27,prevalence,run,1,2.5233,0.023444
27,prevalence,run,1,2.5616,0.023821
27,prevalence,run,1,2.6,0.023624
27,prevalence,run,1,2.6384,0.024123
27,prevalence,run,1,2.6767,0.024991
27,prevalence,run,1,2.7151,0.025484
27,prevalence,run,1,2.7534,0.025885
27,prevalence,run,1,2.7918,0.025532
27,prevalence,run,1,2.8301,0.025335
27,prevalence,run,1,2.8685,0.025495
27,prevalence,run,1,2.9068,0.0253
27,prevalence,run,1,2.9452,0.025445
27,prevalence,run,1,2.9836,0.025348
27,prevalence,run,2,-3.0,0.060317
27,prevalence,run,2,-2.9616,0.061168
27,prevalence,run,2,-2.9233,0.061251
27,prevalence,run,2,-2.8849,0.06106
27,prevalence,run,2,-2.8466,0.060564
27,prevalence,run,2,-2.8082,0.059857
27,prevalence,run,2,-2.7699,0.059162
27,prevalence,run,2,-2.7315,0.058738
27,prevalence,run,2,-2.6932,0.057935
27,prevalence,run,2,-2.6548,0.057461
27,prevalence,run,2,-2.6164,0.056378
27,prevalence,run,2,-2.5781,0.055611
27,prevalence,run,2,-2.5397,0.055924
27,prevalence,run,2,-2.5014,0.055991
27,prevalence,run,2,-2.463,0.056526
27,prevalence,run,2,-2.4247,0.057219
27,prevalence,run,2,-2.3863,0.058095
27,prevalence,run,2,-2.3479,0.05907
27,prevalence,run,2,-2.3096,0.061123
27,prevalence,run,2,-2.2712,0.06308
27,prevalence,run,2,-2.2329,0.063159
27,prevalence,run,2,-2.1945,0.062645
27,prevalence,run,2,-2.1562,0.062177
27,prevalence,run,2,-2.1178,0.061258
27,prevalence,run,2,-2.0795,0.060672
27,prevalence,run,2,-2.0411,0.060347
27,prevalence,run,2,-2.0027,0.061561
27,prevalence,run,2,-1.9644,0.063608
27,prevalence,run,2,-1.926,0.063834
27,prevalence,run,2,-1.8877,0.06395
27,prevalence,run,2,-1.8493,0.063424
27,prevalence,run,2,-1.811,0.063208
27,prevalence,run,2,-1.7726,0.062342
27,prevalence,run,2,-1.7342,0.061602
27,prevalence,run,2,-1.6959,0.060194
27,prevalence,run,2,-1.6575,0.059382
27,prevalence,run,2,-1.6192,0.058628
27,prevalence,run,2,-1.5808,0.059243
27,prevalence,run,2,-1.5425,0.059168
27,prevalence,run,2,-1.5041,0.059026
27,prevalence,run,2,-1.4658,0.059301
27,prevalence,run,2,-1.4274,0.059519
27,prevalence,run,2,-1.389,0.060221
27,prevalence,run,2,-1.3507,0.062372
27,prevalence,run,2,-1.3123,0.063378
27,prevalence,run,2,-1.274,0.064463
27,prevalence,run,2,-1.2356,0.064859
27,prevalence,run,2,-1.1973,0.063969
27,prevalence,run,2,-1.1589,0.062988
27,prevalence,run,2,-1.1205,0.062855
27,prevalence,run,2,-1.0822,0.062668
27,prevalence,run,2,-1.0438,0.062906
27,prevalence,run,2,-1.0055,0.063761
27,prevalence,run,2,-0.9671,0.064688
27,prevalence,run,2,-0.9288,0.063929
27,prevalence,run,2,-0.8904,0.063248
27,prevalence,run,2,-0.8521,0.062708
27,prevalence,run,2,-0.8137,0.062219
27,prevalence,run,2,-0.7753,0.06157
27,prevalence,run,2,-0.737,0.060345
27,prevalence,run,2,-0.6986,0.05992
27,prevalence,run,2,-0.6603,0.059824
27,prevalence,run,2,-0.6219,0.059093
27,prevalence,run,2,-0.5836,0.05866
27,prevalence,run,2,-0.5452,0.056982
27,prevalence,run,2,-0.5068,0.056906
27,prevalence,run,2,-0.4685,0.057881
27,prevalence,run,2,-0.4301,0.058654
27,prevalence,run,2,-0.3918,0.059203
27,prevalence,run,2,-0.3534,0.060781
27,prevalence,run,2,-0.3151,0.062123
27,prevalence,run,2,-0.2767,0.062843
27,prevalence,run,2,-0.2384,0.063921
27,prevalence,run,2,-0.2,0.063869
27,prevalence,run,2,-0.1616,0.062785
27,prevalence,run,2,-0.1233,0.06164
27,prevalence,run,2,-0.0849,0.060477
27,prevalence,run,2,-0.0466,0.060164
27,prevalence,run,2,-0.0082,0.062029
27,prevalence,run,2,0.0301,0.062924
27,prevalence,run,2,0.0685,0.060535
27,prevalence,run,2,0.1068,0.057156
27,prevalence,run,2,0.1452,0.053642
27,prevalence,run,2,0.1836,0.051037
27,prevalence,run,2,0.2219,0.048674
27,prevalence,run,2,0.2603,0.046659
27,prevalence,run,2,0.2986,0.044706
27,prevalence,run,2,0.337,0.043174
27,prevalence,run,2,0.3753,0.041385
27,prevalence,run,2,0.4137,0.039877
27,prevalence,run,2,0.4521,0.038949
27,prevalence,run,2,0.4904,0.037585
27,prevalence,run,2,0.5288,0.036701
27,prevalence,run,2,0.5671,0.036245
27,prevalence,run,2,0.6055,0.036209
27,prevalence,run,2,0.6438,0.035788
27,prevalence,run,2,0.6822,0.035289
27,prevalence,run,2,0.7205,0.036451
27,prevalence,run,2,0.7589,0.036444
27,prevalence,run,2,0.7973,0.036389
27,prevalence,run,2,0.8356,0.035917
27,prevalence,run,2,0.874,0.035316
27,prevalence,run,2,0.9123,0.034598
27,prevalence,run,2,0.9507,0.034342
27,prevalence,run,2,0.989,0.035665
27,prevalence,run,2,1.0274,0.03625
27,prevalence,run,2,1.0658,0.035145
27,prevalence,run,2,1.1041,0.034149
27,prevalence,run,2,1.1425,0.033422
27,prevalence,run,2,1.1808,0.032453
27,prevalence,run,2,1.2192,0.031125
27,prevalence,run,2,1.2575,0.030233
27,prevalence,run,2,1.2959,0.029798
27,prevalence,run,2,1.3342,0.029093
27,prevalence,run,2,1.3726,0.028339
27,prevalence,run,2,1.411,0.027511
27,prevalence,run,2,1.4493,0.027082
27,prevalence,run,2,1.4877,0.026729
27,prevalence,run,2,1.526,0.026353
27,prevalence,run,2,1.5644,0.026314
27,prevalence,run,2,1.6027,0.026645
27,prevalence,run,2,1.6411,0.02767
27,prevalence,run,2,1.6795,0.027533
27,prevalence,run,2,1.7178,0.027952
27,prevalence,run,2,1.7562,0.028199
27,prevalence,run,2,1.7945,0.028336
27,prevalence,run,2,1.8329,0.027842
27,prevalence,run,2,1.8712,0.027352
27,prevalence,run,2,1.9096,0.027004
27,prevalence,run,2,1.9479,0.026916
27,prevalence,run,2,1.9863,0.027095
27,prevalence,run,2,2.0247,0.027786
27,prevalence,run,2,2.063,0.027863
27,prevalence,run,2,2.1014,0.027281
27,prevalence,run,2,2.1397,0.026501
27,prevalence,run,2,2.1781,0.025726
27,prevalence,run,2,2.2164,0.024923
27,prevalence,run,2,2.2548,0.024563
27,prevalence,run,2,2.2932,0.023995
27,prevalence,run,2,2.3315,0.023244
27,prevalence,run,2,2.3699,0.022931
27,prevalence,run,2,2.4082,0.02231
27,prevalence,run,2,2.4466,0.021532
27,prevalence,run,2,2.4849,0.021434
27,prevalence,run,2,2.5233,0.021327
27,prevalence,run,2,2.5616,0.022143
27,prevalence,run,2,2.6,0.0228
27,prevalence,run,2,2.6384,0.023366
27,prevalence,run,2,2.6767,0.024542
27,prevalence,run,2,2.7151,0.025827
27,prevalence,run,2,2.7534,0.026251
27,prevalence,run,2,2.7918,0.026495
27,prevalence,run,2,2.8301,0.02632
27,prevalence,run,2,2.8685,0.025966
27,prevalence,run,2,2.9068,0.026343
27,prevalence,run,2,2.9452,0.026573
27,prevalence,run,2,2.9836,0.026924
27,prevalence,run,3,-3.0,0.059714
27,prevalence,run,3,-2.9616,0.061006
27,prevalence,run,3,-2.9233,0.06162
27,prevalence,run,3,-2.8849,0.060596
27,prevalence,run,3,-2.8466,0.059732
27,prevalence,run,3,-2.8082,0.05978
27,prevalence,run,3,-2.7699,0.05921
27,prevalence,run,3,-2.7315,0.058187
27,prevalence,run,3,-2.6932,0.056651
27,prevalence,run,3,-2.6548,0.055109
27,prevalence,run,3,-2.6164,0.055356
27,prevalence,run,3,-2.5781,0.055737
27,prevalence,run,3,-2.5397,0.056087
27,prevalence,run,3,-2.5014,0.056717
27,prevalence,run,3,-2.463,0.057703
27,prevalence,run,3,-2.4247,0.058462
27,prevalence,run,3,-2.3863,0.060535
27,prevalence,run,3,-2.3479,0.061252
27,prevalence,run,3,-2.3096,0.062097
27,prevalence,run,3,-2.2712,0.063697
27,prevalence,run,3,-2.2329,0.063251
27,prevalence,run,3,-2.1945,0.064478
27,prevalence,run,3,-2.1562,0.064712
27,prevalence,run,3,-2.1178,0.06356
27,prevalence,run,3,-2.0795,0.06265
27,prevalence,run,3,-2.0411,0.06285
27,prevalence,run,3,-2.0027,0.063318
27,prevalence,run,3,-1.9644,0.064331
27,prevalence,run,3,-1.926,0.06476
27,prevalence,run,3,-1.8877,0.063459
27,prevalence,run,3,-1.8493,0.063337
27,prevalence,run,3,-1.811,0.062443
27,prevalence,run,3,-1.7726,0.06202
27,prevalence,run,3,-1.7342,0.060575
27,prevalence,run,3,-1.6959,0.059628
27,prevalence,run,3,-1.6575,0.059092
27,prevalence,run,3,-1.6192,0.059401
27,prevalence,run,3,-1.5808,0.059335
27,prevalence,run,3,-1.5425,0.059411
27,prevalence,run,3,-1.5041,0.059785
27,prevalence,run,3,-1.4658,0.058797
27,prevalence,run,3,-1.4274,0.059176
27,prevalence,run,3,-1.389,0.060882
27,prevalence,run,3,-1.3507,0.061492
27,prevalence,run,3,-1.3123,0.063494
27,prevalence,run,3,-1.274,0.065134
27,prevalence,run,3,-1.2356,0.066276
27,prevalence,run,3,-1.1973,0.065817
27,prevalence,run,3,-1.1589,0.06452
27,prevalence,run,3,-1.1205,0.063408
27,prevalence,run,3,-1.0822,0.062928
27,prevalence,run,3,-1.0438,0.062445
27,prevalence,run,3,-1.0055,0.063143
27,prevalence,run,3,-0.9671,0.063685
27,prevalence,run,3,-0.9288,0.063875
27,prevalence,run,3,-0.8904,0.06463
27,prevalence,run,3,-0.8521,0.064407
27,prevalence,run,3,-0.8137,0.064481
27,prevalence,run,3,-0.7753,0.064075
27,prevalence,run,3,-0.737,0.06333
27,prevalence,run,3,-0.6986,0.062958
27,prevalence,run,3,-0.6603,0.062136
27,prevalence,run,3,-0.6219,0.061989
27,prevalence,run,3,-0.5836,0.061777
27,prevalence,run,3,-0.5452,0.062229
27,prevalence,run,3,-0.5068,0.062131
27,prevalence,run,3,-0.4685,0.061407
27,prevalence,run,3,-0.4301,0.061537
27,prevalence,run,3,-0.3918,0.063542
27,prevalence,run,3,-0.3534,0.0656
27,prevalence,run,3,-0.3151,0.066661
27,prevalence,run,3,-0.2767,0.067286
27,prevalence,run,3,-0.2384,0.067664
27,prevalence,run,3,-0.2,0.068364
27,prevalence,run,3,-0.1616,0.067835
27,prevalence,run,3,-0.1233,0.066516
27,prevalence,run,3,-0.0849,0.065735
27,prevalence,run,3,-0.0466,0.0655
27,prevalence,run,3,-0.0082,0.065713
27,prevalence,run,3,0.0301,0.066968
27,prevalence,run,3,0.0685,0.064878
27,prevalence,run,3,0.1068,0.06223
27,prevalence,run,3,0.1452,0.059905
27,prevalence,run,3,0.1836,0.058808
27,prevalence,run,3,0.2219,0.05656
27,prevalence,run,3,0.2603,0.054026
27,prevalence,run,3,0.2986,0.051572
27,prevalence,run,3,0.337,0.049501
27,prevalence,run,3,0.3753,0.047542
27,prevalence,run,3,0.4137,0.045628
27,prevalence,run,3,0.4521,0.04406
27,prevalence,run,3,0.4904,0.042536
27,prevalence,run,3,0.5288,0.041933
27,prevalence,run,3,0.5671,0.041355
27,prevalence,run,3,0.6055,0.041584
27,prevalence,run,3,0.6438,0.040758
27,prevalence,run,3,0.6822,0.041275
27,prevalence,run,3,0.7205,0.041094
27,prevalence,run,3,0.7589,0.040816
27,prevalence,run,3,0.7973,0.041045
27,prevalence,run,3,0.8356,0.03975
27,prevalence,run,3,0.874,0.038491
27,prevalence,run,3,0.9123,0.038058
27,prevalence,run,3,0.9507,0.037605
27,prevalence,run,3,0.989,0.036637
27,prevalence,run,3,1.0274,0.03648
27,prevalence,run,3,1.0658,0.035621
27,prevalence,run,3,1.1041,0.035129
27,prevalence,run,3,1.1425,0.033808
27,prevalence,run,3,1.1808,0.031974
27,prevalence,run,3,1.2192,0.030904
27,prevalence,run,3,1.2575,0.030122
27,prevalence,run,3,1.2959,0.028764
27,prevalence,run,3,1.3342,0.028082
27,prevalence,run,3,1.3726,0.027914
27,prevalence,run,3,1.411,0.027454
27,prevalence,run,3,1.4493,0.026917
27,prevalence,run,3,1.4877,0.026601
27,prevalence,run,3,1.526,0.026614
27,prevalence,run,3,1.5644,0.026361
27,prevalence,run,3,1.6027,0.026809
27,prevalence,run,3,1.6411,0.02743
27,prevalence,run,3,1.6795,0.028131
27,prevalence,run,3,1.7178,0.028876
27,prevalence,run,3,1.7562,0.028762
27,prevalence,run,3,1.7945,0.028107
27,prevalence,run,3,1.8329,0.027737
27,prevalence,run,3,1.8712,0.027397
27,prevalence,run,3,1.9096,0.026858
27,prevalence,run,3,1.9479,0.027471
27,prevalence,run,3,1.9863,0.028361
27,prevalence,run,3,2.0247,0.029525
27,prevalence,run,3,2.063,0.029217
27,prevalence,run,3,2.1014,0.028885
27,prevalence,run,3,2.1397,0.02799
27,prevalence,run,3,2.1781,0.027191
27,prevalence,run,3,2.2164,0.026226
27,prevalence,run,3,2.2548,0.025726
27,prevalence,run,3,2.2932,0.025644
27,prevalence,run,3,2.3315,0.025487
27,prevalence,run,3,2.3699,0.025081
27,prevalence,run,3,2.4082,0.025263
27,prevalence,run,3,2.4466,0.024767
27,prevalence,run,3,2.4849,0.024548
27,prevalence,run,3,2.5233,0.024133
27,prevalence,run,3,2.5616,0.023943
27,prevalence,run,3,2.6,0.024183
27,prevalence,run,3,2.6384,0.025291
27,prevalence,run,3,2.6767,0.026421
27,prevalence,run,3,2.7151,0.026821
27,prevalence,run,3,2.7534,0.027379
27,prevalence,run,3,2.7918,0.027911
27,prevalence,run,3,2.8301,0.027157
27,prevalence,run,3,2.8685,0.026389
27,prevalence,run,3,2.9068,0.026422
27,prevalence,run,3,2.9452,0.027319
27,prevalence,run,3,2.9836,0.028001
27,prevalence,malariasim,,-3.0,0.060155
27,prevalence,malariasim,,-2.9616,0.061286
27,prevalence,malariasim,,-2.9233,0.061244
27,prevalence,malariasim,,-2.8849,0.060753
27,prevalence,malariasim,,-2.8466,0.060048
27,prevalence,malariasim,,-2.8082,0.059268
27,prevalence,malariasim,,-2.7699,0.058896
27,prevalence,malariasim,,-2.7315,0.058149
27,prevalence,malariasim,,-2.6932,0.057112
27,prevalence,malariasim,,-2.6548,0.056643
27,prevalence,malariasim,,-2.6164,0.056269
27,prevalence,malariasim,,-2.5781,0.056143
27,prevalence,malariasim,,-2.5397,0.056302
27,prevalence,malariasim,,-2.5014,0.056447
27,prevalence,malariasim,,-2.463,0.057168
27,prevalence,malariasim,,-2.4247,0.057853
27,prevalence,malariasim,,-2.3863,0.059049
27,prevalence,malariasim,,-2.3479,0.06016
27,prevalence,malariasim,,-2.3096,0.061456
27,prevalence,malariasim,,-2.2712,0.062847
27,prevalence,malariasim,,-2.2329,0.062997
27,prevalence,malariasim,,-2.1945,0.062703
27,prevalence,malariasim,,-2.1562,0.06223
27,prevalence,malariasim,,-2.1178,0.061081
27,prevalence,malariasim,,-2.0795,0.060331
27,prevalence,malariasim,,-2.0411,0.060498
27,prevalence,malariasim,,-2.0027,0.061389
27,prevalence,malariasim,,-1.9644,0.062581
27,prevalence,malariasim,,-1.926,0.062826
27,prevalence,malariasim,,-1.8877,0.062407
27,prevalence,malariasim,,-1.8493,0.062297
27,prevalence,malariasim,,-1.811,0.0617
27,prevalence,malariasim,,-1.7726,0.060753
27,prevalence,malariasim,,-1.7342,0.059926
27,prevalence,malariasim,,-1.6959,0.059185
27,prevalence,malariasim,,-1.6575,0.058513
27,prevalence,malariasim,,-1.6192,0.058143
27,prevalence,malariasim,,-1.5808,0.057893
27,prevalence,malariasim,,-1.5425,0.057831
27,prevalence,malariasim,,-1.5041,0.058012
27,prevalence,malariasim,,-1.4658,0.058242
27,prevalence,malariasim,,-1.4274,0.058931
27,prevalence,malariasim,,-1.389,0.059807
27,prevalence,malariasim,,-1.3507,0.060955
27,prevalence,malariasim,,-1.3123,0.062726
27,prevalence,malariasim,,-1.274,0.063843
27,prevalence,malariasim,,-1.2356,0.064686
27,prevalence,malariasim,,-1.1973,0.06412
27,prevalence,malariasim,,-1.1589,0.062999
27,prevalence,malariasim,,-1.1205,0.062362
27,prevalence,malariasim,,-1.0822,0.062077
27,prevalence,malariasim,,-1.0438,0.061967
27,prevalence,malariasim,,-1.0055,0.062652
27,prevalence,malariasim,,-0.9671,0.063401
27,prevalence,malariasim,,-0.9288,0.063353
27,prevalence,malariasim,,-0.8904,0.063112
27,prevalence,malariasim,,-0.8521,0.06241
27,prevalence,malariasim,,-0.8137,0.062155
27,prevalence,malariasim,,-0.7753,0.061463
27,prevalence,malariasim,,-0.737,0.060867
27,prevalence,malariasim,,-0.6986,0.060479
27,prevalence,malariasim,,-0.6603,0.059904
27,prevalence,malariasim,,-0.6219,0.059416
27,prevalence,malariasim,,-0.5836,0.059364
27,prevalence,malariasim,,-0.5452,0.0593
27,prevalence,malariasim,,-0.5068,0.059569
27,prevalence,malariasim,,-0.4685,0.060303
27,prevalence,malariasim,,-0.4301,0.06098
27,prevalence,malariasim,,-0.3918,0.062236
27,prevalence,malariasim,,-0.3534,0.063804
27,prevalence,malariasim,,-0.3151,0.065249
27,prevalence,malariasim,,-0.2767,0.066045
27,prevalence,malariasim,,-0.2384,0.066638
27,prevalence,malariasim,,-0.2,0.066439
27,prevalence,malariasim,,-0.1616,0.065782
27,prevalence,malariasim,,-0.1233,0.064499
27,prevalence,malariasim,,-0.0849,0.063287
27,prevalence,malariasim,,-0.0466,0.063111
27,prevalence,malariasim,,-0.0082,0.064278
27,prevalence,malariasim,,0.0301,0.065549
27,prevalence,malariasim,,0.0685,0.063428
27,prevalence,malariasim,,0.1068,0.06048
27,prevalence,malariasim,,0.1452,0.057633
27,prevalence,malariasim,,0.1836,0.05514
27,prevalence,malariasim,,0.2219,0.052628
27,prevalence,malariasim,,0.2603,0.050355
27,prevalence,malariasim,,0.2986,0.048296
27,prevalence,malariasim,,0.337,0.046506
27,prevalence,malariasim,,0.3753,0.044469
27,prevalence,malariasim,,0.4137,0.0428
27,prevalence,malariasim,,0.4521,0.041642
27,prevalence,malariasim,,0.4904,0.040615
27,prevalence,malariasim,,0.5288,0.039943
27,prevalence,malariasim,,0.5671,0.03956
27,prevalence,malariasim,,0.6055,0.039445
27,prevalence,malariasim,,0.6438,0.038829
27,prevalence,malariasim,,0.6822,0.038801
27,prevalence,malariasim,,0.7205,0.03908
27,prevalence,malariasim,,0.7589,0.038603
27,prevalence,malariasim,,0.7973,0.038041
27,prevalence,malariasim,,0.8356,0.037092
27,prevalence,malariasim,,0.874,0.03632
27,prevalence,malariasim,,0.9123,0.035713
27,prevalence,malariasim,,0.9507,0.035525
27,prevalence,malariasim,,0.989,0.035694
27,prevalence,malariasim,,1.0274,0.035922
27,prevalence,malariasim,,1.0658,0.03539
27,prevalence,malariasim,,1.1041,0.03454
27,prevalence,malariasim,,1.1425,0.033407
27,prevalence,malariasim,,1.1808,0.032162
27,prevalence,malariasim,,1.2192,0.030929
27,prevalence,malariasim,,1.2575,0.030131
27,prevalence,malariasim,,1.2959,0.029235
27,prevalence,malariasim,,1.3342,0.028442
27,prevalence,malariasim,,1.3726,0.027827
27,prevalence,malariasim,,1.411,0.02746
27,prevalence,malariasim,,1.4493,0.027274
27,prevalence,malariasim,,1.4877,0.027207
27,prevalence,malariasim,,1.526,0.02711
27,prevalence,malariasim,,1.5644,0.027015
27,prevalence,malariasim,,1.6027,0.027039
27,prevalence,malariasim,,1.6411,0.02741
27,prevalence,malariasim,,1.6795,0.02777
27,prevalence,malariasim,,1.7178,0.028377
27,prevalence,malariasim,,1.7562,0.028573
27,prevalence,malariasim,,1.7945,0.028391
27,prevalence,malariasim,,1.8329,0.028067
27,prevalence,malariasim,,1.8712,0.027635
27,prevalence,malariasim,,1.9096,0.027297
27,prevalence,malariasim,,1.9479,0.027622
27,prevalence,malariasim,,1.9863,0.028149
27,prevalence,malariasim,,2.0247,0.02901
27,prevalence,malariasim,,2.063,0.029027
27,prevalence,malariasim,,2.1014,0.028372
27,prevalence,malariasim,,2.1397,0.027618
27,prevalence,malariasim,,2.1781,0.026686
27,prevalence,malariasim,,2.2164,0.025667
27,prevalence,malariasim,,2.2548,0.025067
27,prevalence,malariasim,,2.2932,0.024617
27,prevalence,malariasim,,2.3315,0.024013
27,prevalence,malariasim,,2.3699,0.023621
27,prevalence,malariasim,,2.4082,0.023389
27,prevalence,malariasim,,2.4466,0.022913
27,prevalence,malariasim,,2.4849,0.022731
27,prevalence,malariasim,,2.5233,0.022586
27,prevalence,malariasim,,2.5616,0.022961
27,prevalence,malariasim,,2.6,0.02308
27,prevalence,malariasim,,2.6384,0.023782
27,prevalence,malariasim,,2.6767,0.024566
27,prevalence,malariasim,,2.7151,0.025178
27,prevalence,malariasim,,2.7534,0.025685
27,prevalence,malariasim,,2.7918,0.025837
27,prevalence,malariasim,,2.8301,0.02572
27,prevalence,malariasim,,2.8685,0.025421
27,prevalence,malariasim,,2.9068,0.025341
27,prevalence,malariasim,,2.9452,0.025619
27,prevalence,malariasim,,2.9836,0.026081
27,prevalence,pipeline,,-3.0,0.054884
27,prevalence,pipeline,,-2.9616,0.057277
27,prevalence,pipeline,,-2.9233,0.059682
27,prevalence,pipeline,,-2.8849,0.061441
27,prevalence,pipeline,,-2.8466,0.060405
27,prevalence,pipeline,,-2.8082,0.058908
27,prevalence,pipeline,,-2.7699,0.057673
27,prevalence,pipeline,,-2.7315,0.057005
27,prevalence,pipeline,,-2.6932,0.056332
27,prevalence,pipeline,,-2.6548,0.055756
27,prevalence,pipeline,,-2.6164,0.055339
27,prevalence,pipeline,,-2.5781,0.055084
27,prevalence,pipeline,,-2.5397,0.054991
27,prevalence,pipeline,,-2.5014,0.055098
27,prevalence,pipeline,,-2.463,0.055495
27,prevalence,pipeline,,-2.4247,0.056275
27,prevalence,pipeline,,-2.3863,0.057429
27,prevalence,pipeline,,-2.3479,0.058797
27,prevalence,pipeline,,-2.3096,0.060121
27,prevalence,pipeline,,-2.2712,0.061111
27,prevalence,pipeline,,-2.2329,0.061549
27,prevalence,pipeline,,-2.1945,0.061404
27,prevalence,pipeline,,-2.1562,0.060854
27,prevalence,pipeline,,-2.1178,0.060175
27,prevalence,pipeline,,-2.0795,0.059626
27,prevalence,pipeline,,-2.0411,0.059423
27,prevalence,pipeline,,-2.0027,0.059805
27,prevalence,pipeline,,-1.9644,0.06022
27,prevalence,pipeline,,-1.926,0.059973
27,prevalence,pipeline,,-1.8877,0.059386
27,prevalence,pipeline,,-1.8493,0.05877
27,prevalence,pipeline,,-1.811,0.05814
27,prevalence,pipeline,,-1.7726,0.057437
27,prevalence,pipeline,,-1.7342,0.05672
27,prevalence,pipeline,,-1.6959,0.056084
27,prevalence,pipeline,,-1.6575,0.055578
27,prevalence,pipeline,,-1.6192,0.055208
27,prevalence,pipeline,,-1.5808,0.054968
27,prevalence,pipeline,,-1.5425,0.054879
27,prevalence,pipeline,,-1.5041,0.055006
27,prevalence,pipeline,,-1.4658,0.055455
27,prevalence,pipeline,,-1.4274,0.056321
27,prevalence,pipeline,,-1.389,0.057593
27,prevalence,pipeline,,-1.3507,0.059104
27,prevalence,pipeline,,-1.3123,0.060599
27,prevalence,pipeline,,-1.274,0.061783
27,prevalence,pipeline,,-1.2356,0.062414
27,prevalence,pipeline,,-1.1973,0.062423
27,prevalence,pipeline,,-1.1589,0.061958
27,prevalence,pipeline,,-1.1205,0.061303
27,prevalence,pipeline,,-1.0822,0.060734
27,prevalence,pipeline,,-1.0438,0.060444
27,prevalence,pipeline,,-1.0055,0.060641
27,prevalence,pipeline,,-0.9671,0.060969
27,prevalence,pipeline,,-0.9288,0.060811
27,prevalence,pipeline,,-0.8904,0.06036
27,prevalence,pipeline,,-0.8521,0.059855
27,prevalence,pipeline,,-0.8137,0.05931
27,prevalence,pipeline,,-0.7753,0.05867
27,prevalence,pipeline,,-0.737,0.057983
27,prevalence,pipeline,,-0.6986,0.057345
27,prevalence,pipeline,,-0.6603,0.056815
27,prevalence,pipeline,,-0.6219,0.05641
27,prevalence,pipeline,,-0.5836,0.056135
27,prevalence,pipeline,,-0.5452,0.056019
27,prevalence,pipeline,,-0.5068,0.056128
27,prevalence,pipeline,,-0.4685,0.056566
27,prevalence,pipeline,,-0.4301,0.057425
27,prevalence,pipeline,,-0.3918,0.058691
27,prevalence,pipeline,,-0.3534,0.060195
27,prevalence,pipeline,,-0.3151,0.061668
27,prevalence,pipeline,,-0.2767,0.06281
27,prevalence,pipeline,,-0.2384,0.063373
27,prevalence,pipeline,,-0.2,0.063288
27,prevalence,pipeline,,-0.1616,0.062714
27,prevalence,pipeline,,-0.1233,0.06195
27,prevalence,pipeline,,-0.0849,0.061277
27,prevalence,pipeline,,-0.0466,0.06086
27,prevalence,pipeline,,-0.0082,0.060885
27,prevalence,pipeline,,0.0301,0.060405
27,prevalence,pipeline,,0.0685,0.055821
27,prevalence,pipeline,,0.1068,0.05709
27,prevalence,pipeline,,0.1452,0.051856
27,prevalence,pipeline,,0.1836,0.049689
27,prevalence,pipeline,,0.2219,0.047849
27,prevalence,pipeline,,0.2603,0.044745
27,prevalence,pipeline,,0.2986,0.042772
27,prevalence,pipeline,,0.337,0.040817
27,prevalence,pipeline,,0.3753,0.038953
27,prevalence,pipeline,,0.4137,0.03726
27,prevalence,pipeline,,0.4521,0.035828
27,prevalence,pipeline,,0.4904,0.034735
27,prevalence,pipeline,,0.5288,0.034013
27,prevalence,pipeline,,0.5671,0.033611
27,prevalence,pipeline,,0.6055,0.033409
27,prevalence,pipeline,,0.6438,0.033276
27,prevalence,pipeline,,0.6822,0.033099
27,prevalence,pipeline,,0.7205,0.032783
27,prevalence,pipeline,,0.7589,0.032265
27,prevalence,pipeline,,0.7973,0.031515
27,prevalence,pipeline,,0.8356,0.030546
27,prevalence,pipeline,,0.874,0.029448
27,prevalence,pipeline,,0.9123,0.028419
27,prevalence,pipeline,,0.9507,0.027671
27,prevalence,pipeline,,0.989,0.027224
27,prevalence,pipeline,,1.0274,0.026821
27,prevalence,pipeline,,1.0658,0.026192
27,prevalence,pipeline,,1.1041,0.025417
27,prevalence,pipeline,,1.1425,0.024678
27,prevalence,pipeline,,1.1808,0.023979
27,prevalence,pipeline,,1.2192,0.023255
27,prevalence,pipeline,,1.2575,0.022473
27,prevalence,pipeline,,1.2959,0.021651
27,prevalence,pipeline,,1.3342,0.020839
27,prevalence,pipeline,,1.3726,0.020106
27,prevalence,pipeline,,1.411,0.019518
27,prevalence,pipeline,,1.4493,0.019128
27,prevalence,pipeline,,1.4877,0.018971
27,prevalence,pipeline,,1.526,0.019045
27,prevalence,pipeline,,1.5644,0.01931
27,prevalence,pipeline,,1.6027,0.019699
27,prevalence,pipeline,,1.6411,0.020151
27,prevalence,pipeline,,1.6795,0.020609
27,prevalence,pipeline,,1.7178,0.02102
27,prevalence,pipeline,,1.7562,0.021333
27,prevalence,pipeline,,1.7945,0.021505
27,prevalence,pipeline,,1.8329,0.021514
27,prevalence,pipeline,,1.8712,0.021397
27,prevalence,pipeline,,1.9096,0.021274
27,prevalence,pipeline,,1.9479,0.021272
27,prevalence,pipeline,,1.9863,0.02141
27,prevalence,pipeline,,2.0247,0.021554
27,prevalence,pipeline,,2.063,0.021512
27,prevalence,pipeline,,2.1014,0.021275
27,prevalence,pipeline,,2.1397,0.020981
27,prevalence,pipeline,,2.1781,0.020677
27,prevalence,pipeline,,2.2164,0.020306
27,prevalence,pipeline,,2.2548,0.019819
27,prevalence,pipeline,,2.2932,0.019233
27,prevalence,pipeline,,2.3315,0.01861
27,prevalence,pipeline,,2.3699,0.018028
27,prevalence,pipeline,,2.4082,0.017554
27,prevalence,pipeline,,2.4466,0.017233
27,prevalence,pipeline,,2.4849,0.017094
27,prevalence,pipeline,,2.5233,0.017148
27,prevalence,pipeline,,2.5616,0.017385
27,prevalence,pipeline,,2.6,0.017769
27,prevalence,pipeline,,2.6384,0.01825
27,prevalence,pipeline,,2.6767,0.018767
27,prevalence,pipeline,,2.7151,0.019257
27,prevalence,pipeline,,2.7534,0.019666
27,prevalence,pipeline,,2.7918,0.019951
27,prevalence,pipeline,,2.8301,0.020096
27,prevalence,pipeline,,2.8685,0.020129
27,prevalence,pipeline,,2.9068,0.020128
27,prevalence,pipeline,,2.9452,0.02018
27,prevalence,pipeline,,2.9836,0.020322
27,prevalence,emulator,,-3.0,0.055136
27,prevalence,emulator,,-2.9616,0.057548
27,prevalence,emulator,,-2.9233,0.059956
27,prevalence,emulator,,-2.8849,0.06171
27,prevalence,emulator,,-2.8466,0.060666
27,prevalence,emulator,,-2.8082,0.059166
27,prevalence,emulator,,-2.7699,0.057929
27,prevalence,emulator,,-2.7315,0.057258
27,prevalence,emulator,,-2.6932,0.056582
27,prevalence,emulator,,-2.6548,0.056004
27,prevalence,emulator,,-2.6164,0.055585
27,prevalence,emulator,,-2.5781,0.055329
27,prevalence,emulator,,-2.5397,0.055236
27,prevalence,emulator,,-2.5014,0.055343
27,prevalence,emulator,,-2.463,0.055742
27,prevalence,emulator,,-2.4247,0.056527
27,prevalence,emulator,,-2.3863,0.057686
27,prevalence,emulator,,-2.3479,0.05906
27,prevalence,emulator,,-2.3096,0.06039
27,prevalence,emulator,,-2.2712,0.061385
27,prevalence,emulator,,-2.2329,0.061824
27,prevalence,emulator,,-2.1945,0.061679
27,prevalence,emulator,,-2.1562,0.061126
27,prevalence,emulator,,-2.1178,0.060443
27,prevalence,emulator,,-2.0795,0.059891
27,prevalence,emulator,,-2.0411,0.059687
27,prevalence,emulator,,-2.0027,0.060072
27,prevalence,emulator,,-1.9644,0.06049
27,prevalence,emulator,,-1.926,0.060244
27,prevalence,emulator,,-1.8877,0.059656
27,prevalence,emulator,,-1.8493,0.059038
27,prevalence,emulator,,-1.811,0.058405
27,prevalence,emulator,,-1.7726,0.0577
27,prevalence,emulator,,-1.7342,0.05698
27,prevalence,emulator,,-1.6959,0.05634
27,prevalence,emulator,,-1.6575,0.055832
27,prevalence,emulator,,-1.6192,0.05546
27,prevalence,emulator,,-1.5808,0.055218
27,prevalence,emulator,,-1.5425,0.055129
27,prevalence,emulator,,-1.5041,0.055257
27,prevalence,emulator,,-1.4658,0.055707
27,prevalence,emulator,,-1.4274,0.056577
27,prevalence,emulator,,-1.389,0.057854
27,prevalence,emulator,,-1.3507,0.059372
27,prevalence,emulator,,-1.3123,0.060872
27,prevalence,emulator,,-1.274,0.062061
27,prevalence,emulator,,-1.2356,0.062694
27,prevalence,emulator,,-1.1973,0.062701
27,prevalence,emulator,,-1.1589,0.062234
27,prevalence,emulator,,-1.1205,0.061575
27,prevalence,emulator,,-1.0822,0.061003
27,prevalence,emulator,,-1.0438,0.060712
27,prevalence,emulator,,-1.0055,0.060911
27,prevalence,emulator,,-0.9671,0.061241
27,prevalence,emulator,,-0.9288,0.061084
27,prevalence,emulator,,-0.8904,0.060633
27,prevalence,emulator,,-0.8521,0.060125
27,prevalence,emulator,,-0.8137,0.059578
27,prevalence,emulator,,-0.7753,0.058935
27,prevalence,emulator,,-0.737,0.058245
27,prevalence,emulator,,-0.6986,0.057604
27,prevalence,emulator,,-0.6603,0.057072
27,prevalence,emulator,,-0.6219,0.056665
27,prevalence,emulator,,-0.5836,0.056389
27,prevalence,emulator,,-0.5452,0.056272
27,prevalence,emulator,,-0.5068,0.056381
27,prevalence,emulator,,-0.4685,0.056821
27,prevalence,emulator,,-0.4301,0.057684
27,prevalence,emulator,,-0.3918,0.058956
27,prevalence,emulator,,-0.3534,0.060466
27,prevalence,emulator,,-0.3151,0.061945
27,prevalence,emulator,,-0.2767,0.063091
27,prevalence,emulator,,-0.2384,0.063656
27,prevalence,emulator,,-0.2,0.06357
27,prevalence,emulator,,-0.1616,0.062993
27,prevalence,emulator,,-0.1233,0.062224
27,prevalence,emulator,,-0.0849,0.061548
27,prevalence,emulator,,-0.0466,0.061129
27,prevalence,emulator,,-0.0082,0.061156
27,prevalence,emulator,,0.0301,0.060672
27,prevalence,emulator,,0.0685,0.056073
27,prevalence,emulator,,0.1068,0.057342
27,prevalence,emulator,,0.1452,0.052096
27,prevalence,emulator,,0.1836,0.049916
27,prevalence,emulator,,0.2219,0.048065
27,prevalence,emulator,,0.2603,0.044952
27,prevalence,emulator,,0.2986,0.04297
27,prevalence,emulator,,0.337,0.041007
27,prevalence,emulator,,0.3753,0.039136
27,prevalence,emulator,,0.4137,0.037436
27,prevalence,emulator,,0.4521,0.035998
27,prevalence,emulator,,0.4904,0.034901
27,prevalence,emulator,,0.5288,0.034176
27,prevalence,emulator,,0.5671,0.033773
27,prevalence,emulator,,0.6055,0.03357
27,prevalence,emulator,,0.6438,0.033437
27,prevalence,emulator,,0.6822,0.033261
27,prevalence,emulator,,0.7205,0.032945
27,prevalence,emulator,,0.7589,0.032426
27,prevalence,emulator,,0.7973,0.031674
27,prevalence,emulator,,0.8356,0.030701
27,prevalence,emulator,,0.874,0.029599
27,prevalence,emulator,,0.9123,0.028565
27,prevalence,emulator,,0.9507,0.027813
27,prevalence,emulator,,0.989,0.027366
27,prevalence,emulator,,1.0274,0.026962
27,prevalence,emulator,,1.0658,0.02633
27,prevalence,emulator,,1.1041,0.025551
27,prevalence,emulator,,1.1425,0.024808
27,prevalence,emulator,,1.1808,0.024106
27,prevalence,emulator,,1.2192,0.023378
27,prevalence,emulator,,1.2575,0.022591
27,prevalence,emulator,,1.2959,0.021764
27,prevalence,emulator,,1.3342,0.020949
27,prevalence,emulator,,1.3726,0.020212
27,prevalence,emulator,,1.411,0.019621
27,prevalence,emulator,,1.4493,0.019229
27,prevalence,emulator,,1.4877,0.019071
27,prevalence,emulator,,1.526,0.019146
27,prevalence,emulator,,1.5644,0.019413
27,prevalence,emulator,,1.6027,0.019804
27,prevalence,emulator,,1.6411,0.02026
27,prevalence,emulator,,1.6795,0.020721
27,prevalence,emulator,,1.7178,0.021135
27,prevalence,emulator,,1.7562,0.021451
27,prevalence,emulator,,1.7945,0.021625
27,prevalence,emulator,,1.8329,0.021635
27,prevalence,emulator,,1.8712,0.021518
27,prevalence,emulator,,1.9096,0.021394
27,prevalence,emulator,,1.9479,0.021393
27,prevalence,emulator,,1.9863,0.021532
27,prevalence,emulator,,2.0247,0.021677
27,prevalence,emulator,,2.063,0.021635
27,prevalence,emulator,,2.1014,0.021397
27,prevalence,emulator,,2.1397,0.021101
27,prevalence,emulator,,2.1781,0.020795
27,prevalence,emulator,,2.2164,0.020421
27,prevalence,emulator,,2.2548,0.019932
27,prevalence,emulator,,2.2932,0.019342
27,prevalence,emulator,,2.3315,0.018715
27,prevalence,emulator,,2.3699,0.01813
27,prevalence,emulator,,2.4082,0.017652
27,prevalence,emulator,,2.4466,0.017329
27,prevalence,emulator,,2.4849,0.01719
27,prevalence,emulator,,2.5233,0.017245
27,prevalence,emulator,,2.5616,0.017483
27,prevalence,emulator,,2.6,0.01787
27,prevalence,emulator,,2.6384,0.018354
27,prevalence,emulator,,2.6767,0.018875
27,prevalence,emulator,,2.7151,0.019369
27,prevalence,emulator,,2.7534,0.019781
27,prevalence,emulator,,2.7918,0.020069
27,prevalence,emulator,,2.8301,0.020215
27,prevalence,emulator,,2.8685,0.020247
27,prevalence,emulator,,2.9068,0.020246
27,prevalence,emulator,,2.9452,0.020299
27,prevalence,emulator,,2.9836,0.020441
27,cases,run,0,-3.0,0.485348
27,cases,run,0,-2.9616,0.42808
27,cases,run,0,-2.9233,0.372254
27,cases,run,0,-2.8849,0.364396
27,cases,run,0,-2.8466,0.333619
27,cases,run,0,-2.8082,0.350801
27,cases,run,0,-2.7699,0.32861
27,cases,run,0,-2.7315,0.331482
27,cases,run,0,-2.6932,0.326473
27,cases,run,0,-2.6548,0.355114
27,cases,run,0,-2.6164,0.315024
27,cases,run,0,-2.5781,0.320752
27,cases,run,0,-2.5397,0.332922
27,cases,run,0,-2.5014,0.423136
27,cases,run,0,-2.463,0.425293
27,cases,run,0,-2.4247,0.476135
27,cases,run,0,-2.3863,0.508353
27,cases,run,0,-2.3479,0.5191
27,cases,run,0,-2.3096,0.496914
27,cases,run,0,-2.2712,0.464701
27,cases,run,0,-2.2329,0.411009
27,cases,run,0,-2.1945,0.378073
27,cases,run,0,-2.1562,0.340129
27,cases,run,0,-2.1178,0.353743
27,cases,run,0,-2.0795,0.374508
27,cases,run,0,-2.0411,0.40745
27,cases,run,0,-2.0027,0.501969
27,cases,run,0,-1.9644,0.448983
27,cases,run,0,-1.926,0.365927
27,cases,run,0,-1.8877,0.371661
27,cases,run,0,-1.8493,0.364504
27,cases,run,0,-1.811,0.358778
27,cases,run,0,-1.7726,0.336582
27,cases,run,0,-1.7342,0.359501
27,cases,run,0,-1.6959,0.352343
27,cases,run,0,-1.6575,0.347336
27,cases,run,0,-1.6192,0.351639
27,cases,run,0,-1.5808,0.355937
27,cases,run,0,-1.5425,0.375993
27,cases,run,0,-1.5041,0.384583
27,cases,run,0,-1.4658,0.43687
27,cases,run,0,-1.4274,0.48415
27,cases,run,0,-1.389,0.518533
27,cases,run,0,-1.3507,0.541457
27,cases,run,0,-1.3123,0.530002
27,cases,run,0,-1.274,0.497773
27,cases,run,0,-1.2356,0.4548
27,cases,run,0,-1.1973,0.403239
27,cases,run,0,-1.1589,0.344519
27,cases,run,0,-1.1205,0.399677
27,cases,run,0,-1.0822,0.395383
27,cases,run,0,-1.0438,0.438363
27,cases,run,0,-1.0055,0.504274
27,cases,run,0,-0.9671,0.484957
27,cases,run,0,-0.9288,0.393985
27,cases,run,0,-0.8904,0.375361
27,cases,run,0,-0.8521,0.392569
27,cases,run,0,-0.8137,0.396153
27,cases,run,0,-0.7753,0.376102
27,cases,run,0,-0.737,0.354616
27,cases,run,0,-0.6986,0.358207
27,cases,run,0,-0.6603,0.385438
27,cases,run,0,-0.6219,0.379001
27,cases,run,0,-0.5836,0.38833
27,cases,run,0,-0.5452,0.404101
27,cases,run,0,-0.5068,0.439925
27,cases,run,0,-0.4685,0.472893
27,cases,run,0,-0.4301,0.545981
27,cases,run,0,-0.3918,0.545983
27,cases,run,0,-0.3534,0.543829
27,cases,run,0,-0.3151,0.565326
27,cases,run,0,-0.2767,0.530937
27,cases,run,0,-0.2384,0.489379
27,cases,run,0,-0.2,0.406981
27,cases,run,0,-0.1616,0.378322
27,cases,run,0,-0.1233,0.362567
27,cases,run,0,-0.0849,0.407711
27,cases,run,0,-0.0466,0.456444
27,cases,run,0,-0.0082,0.550319
27,cases,run,0,0.0301,0.398413
27,cases,run,0,0.0685,0.217123
27,cases,run,0,0.1068,0.216406
27,cases,run,0,0.1452,0.19849
27,cases,run,0,0.1836,0.207805
27,cases,run,0,0.2219,0.198492
27,cases,run,0,0.2603,0.174131
27,cases,run,0,0.2986,0.164099
27,cases,run,0,0.337,0.156936
27,cases,run,0,0.3753,0.177003
27,cases,run,0,0.4137,0.195638
27,cases,run,0,0.4521,0.189907
27,cases,run,0,0.4904,0.206389
27,cases,run,0,0.5288,0.227891
27,cases,run,0,0.5671,0.228609
27,cases,run,0,0.6055,0.25083
27,cases,run,0,0.6438,0.290973
27,cases,run,0,0.6822,0.258722
27,cases,run,0,0.7205,0.23364
27,cases,run,0,0.7589,0.209272
27,cases,run,0,0.7973,0.187772
27,cases,run,0,0.8356,0.169855
27,cases,run,0,0.874,0.192788
27,cases,run,0,0.9123,0.189926
27,cases,run,0,0.9507,0.207845
27,cases,run,0,0.989,0.247986
27,cases,run,0,1.0274,0.227918
27,cases,run,0,1.0658,0.14693
27,cases,run,0,1.1041,0.124715
27,cases,run,0,1.1425,0.135466
27,cases,run,0,1.1808,0.136902
27,cases,run,0,1.2192,0.151955
27,cases,run,0,1.2575,0.117552
27,cases,run,0,1.2959,0.142642
27,cases,run,0,1.3342,0.118272
27,cases,run,0,1.3726,0.124725
27,cases,run,0,1.411,0.147665
27,cases,run,0,1.4493,0.139781
27,cases,run,0,1.4877,0.151968
27,cases,run,0,1.526,0.17849
27,cases,run,0,1.5644,0.195692
27,cases,run,0,1.6027,0.227232
27,cases,run,0,1.6411,0.218631
27,cases,run,0,1.6795,0.225085
27,cases,run,0,1.7178,0.214334
27,cases,run,0,1.7562,0.198562
27,cases,run,0,1.7945,0.167738
27,cases,run,0,1.8329,0.156268
27,cases,run,0,1.8712,0.166304
27,cases,run,0,1.9096,0.175625
27,cases,run,0,1.9479,0.220787
27,cases,run,0,1.9863,0.229393
27,cases,run,0,2.0247,0.236561
27,cases,run,0,2.063,0.143372
27,cases,run,0,2.1014,0.129038
27,cases,run,0,2.1397,0.150546
27,cases,run,0,2.1781,0.12904
27,cases,run,0,2.2164,0.111837
27,cases,run,0,2.2548,0.125459
27,cases,run,0,2.2932,0.136933
27,cases,run,0,2.3315,0.113276
27,cases,run,0,2.3699,0.132634
27,cases,run,0,2.4082,0.11901
27,cases,run,0,2.4466,0.141955
27,cases,run,0,2.4849,0.133353
27,cases,run,0,2.5233,0.14841
27,cases,run,0,2.5616,0.166336
27,cases,run,0,2.6,0.20147
27,cases,run,0,2.6384,0.206491
27,cases,run,0,2.6767,0.186415
27,cases,run,0,2.7151,0.200759
27,cases,run,0,2.7534,0.196461
27,cases,run,0,2.7918,0.193594
27,cases,run,0,2.8301,0.144838
27,cases,run,0,2.8685,0.144122
27,cases,run,0,2.9068,0.165633
27,cases,run,0,2.9452,0.211523
27,cases,run,0,2.9836,0.21511
27,cases,run,1,-3.0,0.469478
27,cases,run,1,-2.9616,0.410793
27,cases,run,1,-2.9233,0.355692
27,cases,run,1,-2.8849,0.354262
27,cases,run,1,-2.8466,0.353556
27,cases,run,1,-2.8082,0.347121
27,cases,run,1,-2.7699,0.346407
27,cases,run,1,-2.7315,0.344977
27,cases,run,1,-2.6932,0.317061
27,cases,run,1,-2.6548,0.322069
27,cases,run,1,-2.6164,0.388636
27,cases,run,1,-2.5781,0.349284
27,cases,run,1,-2.5397,0.38723
27,cases,run,1,-2.5014,0.405128
27,cases,run,1,-2.463,0.471702
27,cases,run,1,-2.4247,0.465277
27,cases,run,1,-2.3863,0.503234
27,cases,run,1,-2.3479,0.564797
27,cases,run,1,-2.3096,0.478898
27,cases,run,1,-2.2712,0.496092
27,cases,run,1,-2.2329,0.403743
27,cases,run,1,-2.1945,0.398738
27,cases,run,1,-2.1562,0.352929
27,cases,run,1,-2.1178,0.347203
27,cases,run,1,-2.0795,0.371545
27,cases,run,1,-2.0411,0.436692
27,cases,run,1,-2.0027,0.509717
27,cases,run,1,-1.9644,0.452448
27,cases,run,1,-1.926,0.457467
27,cases,run,1,-1.8877,0.392318
27,cases,run,1,-1.8493,0.362974
27,cases,run,1,-1.811,0.378727
27,cases,run,1,-1.7726,0.347233
27,cases,run,1,-1.7342,0.320747
27,cases,run,1,-1.6959,0.355115
27,cases,run,1,-1.6575,0.362277
27,cases,run,1,-1.6192,0.308582
27,cases,run,1,-1.5808,0.365861
27,cases,run,1,-1.5425,0.365149
27,cases,run,1,-1.5041,0.391647
27,cases,run,1,-1.4658,0.479721
27,cases,run,1,-1.4274,0.489752
27,cases,run,1,-1.389,0.509091
27,cases,run,1,-1.3507,0.541309
27,cases,run,1,-1.3123,0.535586
27,cases,run,1,-1.274,0.521984
27,cases,run,1,-1.2356,0.44967
27,cases,run,1,-1.1973,0.382365
27,cases,run,1,-1.1589,0.366614
27,cases,run,1,-1.1205,0.345139
27,cases,run,1,-1.0822,0.434649
27,cases,run,1,-1.0438,0.414603
27,cases,run,1,-1.0055,0.527032
27,cases,run,1,-0.9671,0.488374
27,cases,run,1,-0.9288,0.451859
27,cases,run,1,-0.8904,0.392434
27,cases,run,1,-0.8521,0.365224
27,cases,run,1,-0.8137,0.377406
27,cases,run,1,-0.7753,0.403191
27,cases,run,1,-0.737,0.380274
27,cases,run,1,-0.6986,0.393881
27,cases,run,1,-0.6603,0.380284
27,cases,run,1,-0.6219,0.381009
27,cases,run,1,-0.5836,0.400362
27,cases,run,1,-0.5452,0.411107
27,cases,run,1,-0.5068,0.464106
27,cases,run,1,-0.4685,0.442624
27,cases,run,1,-0.4301,0.511391
27,cases,run,1,-0.3918,0.556521
27,cases,run,1,-0.3534,0.596638
27,cases,run,1,-0.3151,0.575868
27,cases,run,1,-0.2767,0.520723
27,cases,run,1,-0.2384,0.492084
27,cases,run,1,-0.2,0.429045
27,cases,run,1,-0.1616,0.371747
27,cases,run,1,-0.1233,0.378918
27,cases,run,1,-0.0849,0.387522
27,cases,run,1,-0.0466,0.500705
27,cases,run,1,-0.0082,0.559453
27,cases,run,1,0.0301,0.38468
27,cases,run,1,0.0685,0.237121
27,cases,run,1,0.1068,0.204885
27,cases,run,1,0.1452,0.186979
27,cases,run,1,0.1836,0.19128
27,cases,run,1,0.2219,0.184836
27,cases,run,1,0.2603,0.163345
27,cases,run,1,0.2986,0.189856
27,cases,run,1,0.337,0.186992
27,cases,run,1,0.3753,0.187708
27,cases,run,1,0.4137,0.164784
27,cases,run,1,0.4521,0.194159
27,cases,run,1,0.4904,0.211351
27,cases,run,1,0.5288,0.247175
27,cases,run,1,0.5671,0.25721
27,cases,run,1,0.6055,0.258646
27,cases,run,1,0.6438,0.275129
27,cases,run,1,0.6822,0.253634
27,cases,run,1,0.7205,0.260799
27,cases,run,1,0.7589,0.216379
27,cases,run,1,0.7973,0.206346
27,cases,run,1,0.8356,0.186286
27,cases,run,1,0.874,0.183422
27,cases,run,1,0.9123,0.197753
27,cases,run,1,0.9507,0.232144
27,cases,run,1,0.989,0.280151
27,cases,run,1,1.0274,0.244333
27,cases,run,1,1.0658,0.156919
27,cases,run,1,1.1041,0.162658
27,cases,run,1,1.1425,0.132564
27,cases,run,1,1.1808,0.14976
27,cases,run,1,1.2192,0.135429
27,cases,run,1,1.2575,0.136148
27,cases,run,1,1.2959,0.131133
27,cases,run,1,1.3342,0.123968
27,cases,run,1,1.3726,0.131136
27,cases,run,1,1.411,0.134722
27,cases,run,1,1.4493,0.157653
27,cases,run,1,1.4877,0.164818
27,cases,run,1,1.526,0.180584
27,cases,run,1,1.5644,0.185603
27,cases,run,1,1.6027,0.20782
27,cases,run,1,1.6411,0.213551
27,cases,run,1,1.6795,0.217135
27,cases,run,1,1.7178,0.202089
27,cases,run,1,1.7562,0.201374
27,cases,run,1,1.7945,0.192777
27,cases,run,1,1.8329,0.174859
27,cases,run,1,1.8712,0.149058
27,cases,run,1,1.9096,0.192773
27,cases,run,1,1.9479,0.200659
27,cases,run,1,1.9863,0.26086
27,cases,run,1,2.0247,0.244376
27,cases,run,1,2.063,0.14978
27,cases,run,1,2.1014,0.132583
27,cases,run,1,2.1397,0.113953
27,cases,run,1,2.1781,0.106787
27,cases,run,1,2.2164,0.134737
27,cases,run,1,2.2548,0.108936
27,cases,run,1,2.2932,0.124703
27,cases,run,1,2.3315,0.113239
27,cases,run,1,2.3699,0.121125
27,cases,run,1,2.4082,0.124711
27,cases,run,1,2.4466,0.148363
27,cases,run,1,2.4849,0.142627
27,cases,run,1,2.5233,0.159114
27,cases,run,1,2.5616,0.189934
27,cases,run,1,2.6,0.18205
27,cases,run,1,2.6384,0.197103
27,cases,run,1,2.6767,0.208575
27,cases,run,1,2.7151,0.191374
27,cases,run,1,2.7534,0.196392
27,cases,run,1,2.7918,0.151235
27,cases,run,1,2.8301,0.156249
27,cases,run,1,2.8685,0.167718
27,cases,run,1,2.9068,0.17202
27,cases,run,1,2.9452,0.196393
27,cases,run,1,2.9836,0.232236
27,cases,run,2,-3.0,0.458063
27,cases,run,2,-2.9616,0.425141
27,cases,run,2,-2.9233,0.347129
27,cases,run,2,-2.8849,0.389362
27,cases,run,2,-2.8466,0.359308
27,cases,run,2,-2.8082,0.32853
27,cases,run,2,-2.7699,0.332827
27,cases,run,2,-2.7315,0.314934
27,cases,run,2,-2.6932,0.314934
27,cases,run,2,-2.6548,0.292752
27,cases,run,2,-2.6164,0.327828
27,cases,run,2,-2.5781,0.365768
27,cases,run,2,-2.5397,0.357175
27,cases,run,2,-2.5014,0.386525
27,cases,run,2,-2.463,0.428064
27,cases,run,2,-2.4247,0.440952
27,cases,run,2,-2.3863,0.506093
27,cases,run,2,-2.3479,0.503234
27,cases,run,2,-2.3096,0.504669
27,cases,run,2,-2.2712,0.501815
27,cases,run,2,-2.2329,0.430238
27,cases,run,2,-2.1945,0.378695
27,cases,run,2,-2.1562,0.351496
27,cases,run,2,-2.1178,0.342907
27,cases,run,2,-2.0795,0.37798
27,cases,run,2,-2.0411,0.433103
27,cases,run,2,-2.0027,0.508988
27,cases,run,2,-1.9644,0.493974
27,cases,run,2,-1.926,0.383728
27,cases,run,2,-1.8877,0.3959
27,cases,run,2,-1.8493,0.367988
27,cases,run,2,-1.811,0.347937
27,cases,run,2,-1.7726,0.365834
27,cases,run,2,-1.7342,0.38516
27,cases,run,2,-1.6959,0.338628
27,cases,run,2,-1.6575,0.352231
27,cases,run,2,-1.6192,0.356528
27,cases,run,2,-1.5808,0.359399
27,cases,run,2,-1.5425,0.373005
27,cases,run,2,-1.5041,0.423124
27,cases,run,2,-1.4658,0.463224
27,cases,run,2,-1.4274,0.446044
27,cases,run,2,-1.389,0.513346
27,cases,run,2,-1.3507,0.489013
27,cases,run,2,-1.3123,0.537702
27,cases,run,2,-1.274,0.453223
27,cases,run,2,-1.2356,0.42889
27,cases,run,2,-1.1973,0.371616
27,cases,run,2,-1.1589,0.350139
27,cases,run,2,-1.1205,0.337971
27,cases,run,2,-1.0822,0.367327
27,cases,run,2,-1.0438,0.427476
27,cases,run,2,-1.0055,0.48906
27,cases,run,2,-0.9671,0.479752
27,cases,run,2,-0.9288,0.400272
27,cases,run,2,-0.8904,0.408153
27,cases,run,2,-0.8521,0.386673
27,cases,run,2,-0.8137,0.4146
27,cases,run,2,-0.7753,0.369491
27,cases,run,2,-0.737,0.330828
27,cases,run,2,-0.6986,0.356617
27,cases,run,2,-0.6603,0.328692
27,cases,run,2,-0.6219,0.370942
27,cases,run,2,-0.5836,0.355901
27,cases,run,2,-0.5452,0.380975
27,cases,run,2,-0.5068,0.409628
27,cases,run,2,-0.4685,0.49772
27,cases,run,2,-0.4301,0.507758
27,cases,run,2,-0.3918,0.51134
27,cases,run,2,-0.3534,0.534263
27,cases,run,2,-0.3151,0.529253
27,cases,run,2,-0.2767,0.531398
27,cases,run,2,-0.2384,0.470525
27,cases,run,2,-0.2,0.408225
27,cases,run,2,-0.1616,0.352368
27,cases,run,2,-0.1233,0.337335
27,cases,run,2,-0.0849,0.370284
27,cases,run,2,-0.0466,0.464114
27,cases,run,2,-0.0082,0.532174
27,cases,run,2,0.0301,0.373889
27,cases,run,2,0.0685,0.232071
27,cases,run,2,0.1068,0.212733
27,cases,run,2,0.1452,0.186232
27,cases,run,2,0.1836,0.176923
27,cases,run,2,0.2219,0.158306
27,cases,run,2,0.2603,0.176216
27,cases,run,2,0.2986,0.172635
27,cases,run,2,0.337,0.169771
27,cases,run,2,0.3753,0.179084
27,cases,run,2,0.4137,0.179803
27,cases,run,2,0.4521,0.209892
27,cases,run,2,0.4904,0.209895
27,cases,run,2,0.5288,0.219212
27,cases,run,2,0.5671,0.248583
27,cases,run,2,0.6055,0.244287
27,cases,run,2,0.6438,0.252893
27,cases,run,2,0.6822,0.290147
27,cases,run,2,0.7205,0.249312
27,cases,run,2,0.7589,0.227108
27,cases,run,2,0.7973,0.194159
27,cases,run,2,0.8356,0.181983
27,cases,run,2,0.874,0.178404
27,cases,run,2,0.9123,0.202053
27,cases,run,2,0.9507,0.250784
27,cases,run,2,0.989,0.284463
27,cases,run,2,1.0274,0.228577
27,cases,run,2,1.0658,0.158358
27,cases,run,2,1.1041,0.128981
27,cases,run,2,1.1425,0.14403
27,cases,run,2,1.1808,0.156927
27,cases,run,2,1.2192,0.140449
27,cases,run,2,1.2575,0.135436
27,cases,run,2,1.2959,0.126838
27,cases,run,2,1.3342,0.146906
27,cases,run,2,1.3726,0.146194
27,cases,run,2,1.411,0.152643
27,cases,run,2,1.4493,0.156944
27,cases,run,2,1.4877,0.17343
27,cases,run,2,1.526,0.194214
27,cases,run,2,1.5644,0.20711
27,cases,run,2,1.6027,0.19493
27,cases,run,2,1.6411,0.240085
27,cases,run,2,1.6795,0.223604
27,cases,run,2,1.7178,0.223608
27,cases,run,2,1.7562,0.202826
27,cases,run,2,1.7945,0.176309
27,cases,run,2,1.8329,0.163411
27,cases,run,2,1.8712,0.151947
27,cases,run,2,1.9096,0.154097
27,cases,run,2,1.9479,0.21932
27,cases,run,2,1.9863,0.255163
27,cases,run,2,2.0247,0.203562
27,cases,run,2,2.063,0.145505
27,cases,run,2,2.1014,0.114684
27,cases,run,2,2.1397,0.139055
27,cases,run,2,2.1781,0.142641
27,cases,run,2,2.2164,0.115403
27,cases,run,2,2.2548,0.138346
27,cases,run,2,2.2932,0.110391
27,cases,run,2,2.3315,0.130462
27,cases,run,2,2.3699,0.128315
27,cases,run,2,2.4082,0.113983
27,cases,run,2,2.4466,0.154133
27,cases,run,2,2.4849,0.145531
27,cases,run,2,2.5233,0.174924
27,cases,run,2,2.5616,0.21292
27,cases,run,2,2.6,0.209337
27,cases,run,2,2.6384,0.219371
27,cases,run,2,2.6767,0.230848
27,cases,run,2,2.7151,0.212926
27,cases,run,2,2.7534,0.1821
27,cases,run,2,2.7918,0.174211
27,cases,run,2,2.8301,0.163458
27,cases,run,2,2.8685,0.17493
27,cases,run,2,2.9068,0.173495
27,cases,run,2,2.9452,0.207913
27,cases,run,2,2.9836,0.209351
27,cases,run,3,-3.0,0.487422
27,cases,run,3,-2.9616,0.43876
27,cases,run,3,-2.9233,0.360031
27,cases,run,3,-2.8849,0.358598
27,cases,run,3,-2.8466,0.360027
27,cases,run,3,-2.8082,0.333546
27,cases,run,3,-2.7699,0.345722
27,cases,run,3,-2.7315,0.341431
27,cases,run,3,-2.6932,0.335723
27,cases,run,3,-2.6548,0.345031
27,cases,run,3,-2.6164,0.335012
27,cases,run,3,-2.5781,0.357924
27,cases,run,3,-2.5397,0.394432
27,cases,run,3,-2.5014,0.41376
27,cases,run,3,-2.463,0.423086
27,cases,run,3,-2.4247,0.483951
27,cases,run,3,-2.3863,0.519754
27,cases,run,3,-2.3479,0.519756
27,cases,run,3,-2.3096,0.546256
27,cases,run,3,-2.2712,0.472536
27,cases,run,3,-2.2329,0.428155
27,cases,run,3,-2.1945,0.399524
27,cases,run,3,-2.1562,0.322923
27,cases,run,3,-2.1178,0.372333
27,cases,run,3,-2.0795,0.393107
27,cases,run,3,-2.0411,0.413893
27,cases,run,3,-2.0027,0.484792
27,cases,run,3,-1.9644,0.498408
27,cases,run,3,-1.926,0.403171
27,cases,run,3,-1.8877,0.361644
27,cases,run,3,-1.8493,0.37812
27,cases,run,3,-1.811,0.343742
27,cases,run,3,-1.7726,0.368089
27,cases,run,3,-1.7342,0.348046
27,cases,run,3,-1.6959,0.343034
27,cases,run,3,-1.6575,0.380285
27,cases,run,3,-1.6192,0.391031
27,cases,run,3,-1.5808,0.368118
27,cases,run,3,-1.5425,0.376
27,cases,run,3,-1.5041,0.466969
27,cases,run,3,-1.4658,0.429019
27,cases,run,3,-1.4274,0.516415
27,cases,run,3,-1.389,0.525737
27,cases,run,3,-1.3507,0.555832
27,cases,run,3,-1.3123,0.51
27,cases,run,3,-1.274,0.550825
27,cases,run,3,-1.2356,0.444812
27,cases,run,3,-1.1973,0.411866
27,cases,run,3,-1.1589,0.34884
27,cases,run,3,-1.1205,0.376789
27,cases,run,3,-1.0822,0.40402
27,cases,run,3,-1.0438,0.458479
27,cases,run,3,-1.0055,0.507196
27,cases,run,3,-0.9671,0.496462
27,cases,run,3,-0.9288,0.411942
27,cases,run,3,-0.8904,0.415529
27,cases,run,3,-0.8521,0.397622
27,cases,run,3,-0.8137,0.384727
27,cases,run,3,-0.7753,0.391893
27,cases,run,3,-0.737,0.377565
27,cases,run,3,-0.6986,0.351059
27,cases,run,3,-0.6603,0.366111
27,cases,run,3,-0.6219,0.398358
27,cases,run,3,-0.5836,0.404812
27,cases,run,3,-0.5452,0.416998
27,cases,run,3,-0.5068,0.432759
27,cases,run,3,-0.4685,0.477173
27,cases,run,3,-0.4301,0.52589
27,cases,run,3,-0.3918,0.596816
27,cases,run,3,-0.3534,0.595399
27,cases,run,3,-0.3151,0.554566
27,cases,run,3,-0.2767,0.526627
27,cases,run,3,-0.2384,0.50083
27,cases,run,3,-0.2,0.446374
27,cases,run,3,-0.1616,0.37902
27,cases,run,3,-0.1233,0.35036
27,cases,run,3,-0.0849,0.437772
27,cases,run,3,-0.0466,0.45712
27,cases,run,3,-0.0082,0.561735
27,cases,run,3,0.0301,0.411989
27,cases,run,3,0.0685,0.254359
27,cases,run,3,0.1068,0.194891
27,cases,run,3,0.1452,0.199191
27,cases,run,3,0.1836,0.20636
27,cases,run,3,0.2219,0.199912
27,cases,run,3,0.2603,0.184866
27,cases,run,3,0.2986,0.169104
27,cases,run,3,0.337,0.199915
27,cases,run,3,0.3753,0.192031
27,cases,run,3,0.4137,0.170534
27,cases,run,3,0.4521,0.1992
27,cases,run,3,0.4904,0.184157
27,cases,run,3,0.5288,0.245781
27,cases,run,3,0.5671,0.248651
27,cases,run,3,0.6055,0.270864
27,cases,run,3,0.6438,0.292361
27,cases,run,3,0.6822,0.275879
27,cases,run,3,0.7205,0.247216
27,cases,run,3,0.7589,0.255099
27,cases,run,3,0.7973,0.204224
27,cases,run,3,0.8356,0.19204
27,cases,run,3,0.874,0.166961
27,cases,run,3,0.9123,0.21784
27,cases,run,3,0.9507,0.231457
27,cases,run,3,0.989,0.265139
27,cases,run,3,1.0274,0.235044
27,cases,run,3,1.0658,0.165536
27,cases,run,3,1.1041,0.155506
27,cases,run,3,1.1425,0.156943
27,cases,run,3,1.1808,0.14548
27,cases,run,3,1.2192,0.149066
27,cases,run,3,1.2575,0.1247
27,cases,run,3,1.2959,0.132583
27,cases,run,3,1.3342,0.124698
27,cases,run,3,1.3726,0.121833
27,cases,run,3,1.411,0.135449
27,cases,run,3,1.4493,0.141181
27,cases,run,3,1.4877,0.159099
27,cases,run,3,1.526,0.18347
27,cases,run,3,1.5644,0.206405
27,cases,run,3,1.6027,0.204972
27,cases,run,3,1.6411,0.220744
27,cases,run,3,1.6795,0.233649
27,cases,run,3,1.7178,0.198535
27,cases,run,3,1.7562,0.199971
27,cases,run,3,1.7945,0.173451
27,cases,run,3,1.8329,0.171298
27,cases,run,3,1.8712,0.172016
27,cases,run,3,1.9096,0.17417
27,cases,run,3,1.9479,0.224344
27,cases,run,3,1.9863,0.236538
27,cases,run,3,2.0247,0.218623
27,cases,run,3,2.063,0.150529
27,cases,run,3,2.1014,0.127594
27,cases,run,3,2.1397,0.125445
27,cases,run,3,2.1781,0.11828
27,cases,run,3,2.2164,0.118281
27,cases,run,3,2.2548,0.124734
27,cases,run,3,2.2932,0.116134
27,cases,run,3,2.3315,0.114701
27,cases,run,3,2.3699,0.122589
27,cases,run,3,2.4082,0.116855
27,cases,run,3,2.4466,0.147683
27,cases,run,3,2.4849,0.155572
27,cases,run,3,2.5233,0.168479
27,cases,run,3,2.5616,0.173499
27,cases,run,3,2.6,0.197877
27,cases,run,3,2.6384,0.240899
27,cases,run,3,2.6767,0.238035
27,cases,run,3,2.7151,0.199322
27,cases,run,3,2.7534,0.211509
27,cases,run,3,2.7918,0.179968
27,cases,run,3,2.8301,0.164913
27,cases,run,3,2.8685,0.153439
27,cases,run,3,2.9068,0.180687
27,cases,run,3,2.9452,0.224427
27,cases,run,3,2.9836,0.261
27,cases,malariasim,,-3.0,0.475078
27,cases,malariasim,,-2.9616,0.425694
27,cases,malariasim,,-2.9233,0.358777
27,cases,malariasim,,-2.8849,0.366655
27,cases,malariasim,,-2.8466,0.351627
27,cases,malariasim,,-2.8082,0.34
27,cases,malariasim,,-2.7699,0.338391
27,cases,malariasim,,-2.7315,0.333206
27,cases,malariasim,,-2.6932,0.323548
27,cases,malariasim,,-2.6548,0.328742
27,cases,malariasim,,-2.6164,0.341625
27,cases,malariasim,,-2.5781,0.348432
27,cases,malariasim,,-2.5397,0.36794
27,cases,malariasim,,-2.5014,0.407137
27,cases,malariasim,,-2.463,0.437036
27,cases,malariasim,,-2.4247,0.466579
27,cases,malariasim,,-2.3863,0.509359
27,cases,malariasim,,-2.3479,0.526722
27,cases,malariasim,,-2.3096,0.506684
27,cases,malariasim,,-2.2712,0.483786
27,cases,malariasim,,-2.2329,0.418286
27,cases,malariasim,,-2.1945,0.388758
27,cases,malariasim,,-2.1562,0.341869
27,cases,malariasim,,-2.1178,0.354046
27,cases,malariasim,,-2.0795,0.379285
27,cases,malariasim,,-2.0411,0.422785
27,cases,malariasim,,-2.0027,0.501367
27,cases,malariasim,,-1.9644,0.473453
27,cases,malariasim,,-1.926,0.402573
27,cases,malariasim,,-1.8877,0.380381
27,cases,malariasim,,-1.8493,0.368397
27,cases,malariasim,,-1.811,0.357296
27,cases,malariasim,,-1.7726,0.354435
27,cases,malariasim,,-1.7342,0.353363
27,cases,malariasim,,-1.6959,0.34728
27,cases,malariasim,,-1.6575,0.360532
27,cases,malariasim,,-1.6192,0.351945
27,cases,malariasim,,-1.5808,0.362329
27,cases,malariasim,,-1.5425,0.372537
27,cases,malariasim,,-1.5041,0.416581
27,cases,malariasim,,-1.4658,0.452209
27,cases,malariasim,,-1.4274,0.48409
27,cases,malariasim,,-1.389,0.516676
27,cases,malariasim,,-1.3507,0.531902
27,cases,malariasim,,-1.3123,0.528323
27,cases,malariasim,,-1.274,0.505951
27,cases,malariasim,,-1.2356,0.444543
27,cases,malariasim,,-1.1973,0.392272
27,cases,malariasim,,-1.1589,0.352528
27,cases,malariasim,,-1.1205,0.364894
27,cases,malariasim,,-1.0822,0.400345
27,cases,malariasim,,-1.0438,0.43473
27,cases,malariasim,,-1.0055,0.506891
27,cases,malariasim,,-0.9671,0.487386
27,cases,malariasim,,-0.9288,0.414515
27,cases,malariasim,,-0.8904,0.397869
27,cases,malariasim,,-0.8521,0.385522
27,cases,malariasim,,-0.8137,0.393221
27,cases,malariasim,,-0.7753,0.385169
27,cases,malariasim,,-0.737,0.360821
27,cases,malariasim,,-0.6986,0.364941
27,cases,malariasim,,-0.6603,0.365131
27,cases,malariasim,,-0.6219,0.382328
27,cases,malariasim,,-0.5836,0.387351
27,cases,malariasim,,-0.5452,0.403295
27,cases,malariasim,,-0.5068,0.436605
27,cases,malariasim,,-0.4685,0.472603
27,cases,malariasim,,-0.4301,0.522755
27,cases,malariasim,,-0.3918,0.552665
27,cases,malariasim,,-0.3534,0.567532
27,cases,malariasim,,-0.3151,0.556253
27,cases,malariasim,,-0.2767,0.527421
27,cases,malariasim,,-0.2384,0.488205
27,cases,malariasim,,-0.2,0.422656
27,cases,malariasim,,-0.1616,0.370364
27,cases,malariasim,,-0.1233,0.357295
27,cases,malariasim,,-0.0849,0.400822
27,cases,malariasim,,-0.0466,0.469596
27,cases,malariasim,,-0.0082,0.55092
27,cases,malariasim,,0.0301,0.392243
27,cases,malariasim,,0.0685,0.235168
27,cases,malariasim,,0.1068,0.207229
27,cases,malariasim,,0.1452,0.192723
27,cases,malariasim,,0.1836,0.195592
27,cases,malariasim,,0.2219,0.185386
27,cases,malariasim,,0.2603,0.17464
27,cases,malariasim,,0.2986,0.173923
27,cases,malariasim,,0.337,0.178403
27,cases,malariasim,,0.3753,0.183957
27,cases,malariasim,,0.4137,0.17769
27,cases,malariasim,,0.4521,0.198289
27,cases,malariasim,,0.4904,0.202948
27,cases,malariasim,,0.5288,0.235015
27,cases,malariasim,,0.5671,0.245763
27,cases,malariasim,,0.6055,0.256157
27,cases,malariasim,,0.6438,0.277839
27,cases,malariasim,,0.6822,0.269596
27,cases,malariasim,,0.7205,0.247742
27,cases,malariasim,,0.7589,0.226965
27,cases,malariasim,,0.7973,0.198125
27,cases,malariasim,,0.8356,0.182541
27,cases,malariasim,,0.874,0.180394
27,cases,malariasim,,0.9123,0.201893
27,cases,malariasim,,0.9507,0.230557
27,cases,malariasim,,0.989,0.269435
27,cases,malariasim,,1.0274,0.233968
27,cases,malariasim,,1.0658,0.156936
27,cases,malariasim,,1.1041,0.142965
27,cases,malariasim,,1.1425,0.142251
27,cases,malariasim,,1.1808,0.147268
27,cases,malariasim,,1.2192,0.144225
27,cases,malariasim,,1.2575,0.128459
27,cases,malariasim,,1.2959,0.133299
27,cases,malariasim,,1.3342,0.128461
27,cases,malariasim,,1.3726,0.130972
27,cases,malariasim,,1.411,0.14262
27,cases,malariasim,,1.4493,0.14889
27,cases,malariasim,,1.4877,0.162329
27,cases,malariasim,,1.526,0.184189
27,cases,malariasim,,1.5644,0.198702
27,cases,malariasim,,1.6027,0.208739
27,cases,malariasim,,1.6411,0.223253
27,cases,malariasim,,1.6795,0.224868
27,cases,malariasim,,1.7178,0.209642
27,cases,malariasim,,1.7562,0.200683
27,cases,malariasim,,1.7945,0.177569
27,cases,malariasim,,1.8329,0.166459
27,cases,malariasim,,1.8712,0.159831
27,cases,malariasim,,1.9096,0.174166
27,cases,malariasim,,1.9479,0.216277
27,cases,malariasim,,1.9863,0.245489
27,cases,malariasim,,2.0247,0.225781
27,cases,malariasim,,2.063,0.147296
27,cases,malariasim,,2.1014,0.125975
27,cases,malariasim,,2.1397,0.13225
27,cases,malariasim,,2.1781,0.124187
27,cases,malariasim,,2.2164,0.120064
27,cases,malariasim,,2.2548,0.124369
27,cases,malariasim,,2.2932,0.12204
27,cases,malariasim,,2.3315,0.117919
27,cases,malariasim,,2.3699,0.126166
27,cases,malariasim,,2.4082,0.11864
27,cases,malariasim,,2.4466,0.148033
27,cases,malariasim,,2.4849,0.144271
27,cases,malariasim,,2.5233,0.162732
27,cases,malariasim,,2.5616,0.185672
27,cases,malariasim,,2.6,0.197683
27,cases,malariasim,,2.6384,0.215966
27,cases,malariasim,,2.6767,0.215968
27,cases,malariasim,,2.7151,0.201095
27,cases,malariasim,,2.7534,0.196616
27,cases,malariasim,,2.7918,0.174752
27,cases,malariasim,,2.8301,0.157365
27,cases,malariasim,,2.8685,0.160052
27,cases,malariasim,,2.9068,0.172959
27,cases,malariasim,,2.9452,0.210064
27,cases,malariasim,,2.9836,0.229424
27,cases,pipeline,,-3.0,0.450393
27,cases,pipeline,,-2.9616,0.401514
27,cases,pipeline,,-2.9233,0.355275
27,cases,pipeline,,-2.8849,0.351716
27,cases,pipeline,,-2.8466,0.335665
27,cases,pipeline,,-2.8082,0.325628
27,cases,pipeline,,-2.7699,0.314188
27,cases,pipeline,,-2.7315,0.309825
27,cases,pipeline,,-2.6932,0.312136
27,cases,pipeline,,-2.6548,0.319406
27,cases,pipeline,,-2.6164,0.328163
27,cases,pipeline,,-2.5781,0.339555
27,cases,pipeline,,-2.5397,0.358858
27,cases,pipeline,,-2.5014,0.388824
27,cases,pipeline,,-2.463,0.418409
27,cases,pipeline,,-2.4247,0.453072
27,cases,pipeline,,-2.3863,0.479719
27,cases,pipeline,,-2.3479,0.488673
27,cases,pipeline,,-2.3096,0.479822
27,cases,pipeline,,-2.2712,0.450019
27,cases,pipeline,,-2.2329,0.39839
27,cases,pipeline,,-2.1945,0.353402
27,cases,pipeline,,-2.1562,0.325627
27,cases,pipeline,,-2.1178,0.323044
27,cases,pipeline,,-2.0795,0.351891
27,cases,pipeline,,-2.0411,0.416012
27,cases,pipeline,,-2.0027,0.467201
27,cases,pipeline,,-1.9644,0.414014
27,cases,pipeline,,-1.926,0.366617
27,cases,pipeline,,-1.8877,0.360318
27,cases,pipeline,,-1.8493,0.354269
27,cases,pipeline,,-1.811,0.344566
27,cases,pipeline,,-1.7726,0.332276
27,cases,pipeline,,-1.7342,0.328874
27,cases,pipeline,,-1.6959,0.33126
27,cases,pipeline,,-1.6575,0.336715
27,cases,pipeline,,-1.6192,0.343115
27,cases,pipeline,,-1.5808,0.352159
27,cases,pipeline,,-1.5425,0.369043
27,cases,pipeline,,-1.5041,0.398054
27,cases,pipeline,,-1.4658,0.431537
27,cases,pipeline,,-1.4274,0.469368
27,cases,pipeline,,-1.389,0.498349
27,cases,pipeline,,-1.3507,0.507933
27,cases,pipeline,,-1.3123,0.500299
27,cases,pipeline,,-1.274,0.473516
27,cases,pipeline,,-1.2356,0.422101
27,cases,pipeline,,-1.1973,0.374651
27,cases,pipeline,,-1.1589,0.346866
27,cases,pipeline,,-1.1205,0.343698
27,cases,pipeline,,-1.0822,0.37337
27,cases,pipeline,,-1.0438,0.438189
27,cases,pipeline,,-1.0055,0.493294
27,cases,pipeline,,-0.9671,0.441263
27,cases,pipeline,,-0.9288,0.381481
27,cases,pipeline,,-0.8904,0.373245
27,cases,pipeline,,-0.8521,0.367914
27,cases,pipeline,,-0.8137,0.359982
27,cases,pipeline,,-0.7753,0.348741
27,cases,pipeline,,-0.737,0.344486
27,cases,pipeline,,-0.6986,0.345716
27,cases,pipeline,,-0.6603,0.349398
27,cases,pipeline,,-0.6219,0.354047
27,cases,pipeline,,-0.5836,0.361631
27,cases,pipeline,,-0.5452,0.377266
27,cases,pipeline,,-0.5068,0.405353
27,cases,pipeline,,-0.4685,0.439711
27,cases,pipeline,,-0.4301,0.479706
27,cases,pipeline,,-0.3918,0.512436
27,cases,pipeline,,-0.3534,0.524702
27,cases,pipeline,,-0.3151,0.518598
27,cases,pipeline,,-0.2767,0.492937
27,cases,pipeline,,-0.2384,0.442223
27,cases,pipeline,,-0.2,0.391094
27,cases,pipeline,,-0.1616,0.360588
27,cases,pipeline,,-0.1233,0.354935
27,cases,pipeline,,-0.0849,0.38197
27,cases,pipeline,,-0.0466,0.445332
27,cases,pipeline,,-0.0082,0.506133
27,cases,pipeline,,0.0301,0.334895
27,cases,pipeline,,0.0685,0.177088
27,cases,pipeline,,0.1068,0.149444
27,cases,pipeline,,0.1452,0.142997
27,cases,pipeline,,0.1836,0.140382
27,cases,pipeline,,0.2219,0.135369
27,cases,pipeline,,0.2603,0.129676
27,cases,pipeline,,0.2986,0.124456
27,cases,pipeline,,0.337,0.121232
27,cases,pipeline,,0.3753,0.12141
27,cases,pipeline,,0.4137,0.125233
27,cases,pipeline,,0.4521,0.131922
27,cases,pipeline,,0.4904,0.141758
27,cases,pipeline,,0.5288,0.156139
27,cases,pipeline,,0.5671,0.172401
27,cases,pipeline,,0.6055,0.186094
27,cases,pipeline,,0.6438,0.192113
27,cases,pipeline,,0.6822,0.186603
27,cases,pipeline,,0.7205,0.172001
27,cases,pipeline,,0.7589,0.152075
27,cases,pipeline,,0.7973,0.132516
27,cases,pipeline,,0.8356,0.116861
27,cases,pipeline,,0.874,0.113566
27,cases,pipeline,,0.9123,0.125479
27,cases,pipeline,,0.9507,0.152382
27,cases,pipeline,,0.989,0.170773
27,cases,pipeline,,1.0274,0.141166
27,cases,pipeline,,1.0658,0.098943
27,cases,pipeline,,1.1041,0.093656
27,cases,pipeline,,1.1425,0.094004
27,cases,pipeline,,1.1808,0.091399
27,cases,pipeline,,1.2192,0.088068
27,cases,pipeline,,1.2575,0.086099
27,cases,pipeline,,1.2959,0.085563
27,cases,pipeline,,1.3342,0.086827
27,cases,pipeline,,1.3726,0.090473
27,cases,pipeline,,1.411,0.096519
27,cases,pipeline,,1.4493,0.103233
27,cases,pipeline,,1.4877,0.112834
27,cases,pipeline,,1.526,0.129986
27,cases,pipeline,,1.5644,0.151121
27,cases,pipeline,,1.6027,0.16826
27,cases,pipeline,,1.6411,0.175152
27,cases,pipeline,,1.6795,0.172906
27,cases,pipeline,,1.7178,0.16377
27,cases,pipeline,,1.7562,0.147775
27,cases,pipeline,,1.7945,0.129357
27,cases,pipeline,,1.8329,0.1154
27,cases,pipeline,,1.8712,0.113036
27,cases,pipeline,,1.9096,0.124811
27,cases,pipeline,,1.9479,0.153057
27,cases,pipeline,,1.9863,0.179604
27,cases,pipeline,,2.0247,0.155337
27,cases,pipeline,,2.063,0.105339
27,cases,pipeline,,2.1014,0.102615
27,cases,pipeline,,2.1397,0.106979
27,cases,pipeline,,2.1781,0.107634
27,cases,pipeline,,2.2164,0.106382
27,cases,pipeline,,2.2548,0.106596
27,cases,pipeline,,2.2932,0.107833
27,cases,pipeline,,2.3315,0.109848
27,cases,pipeline,,2.3699,0.113975
27,cases,pipeline,,2.4082,0.120907
27,cases,pipeline,,2.4466,0.127769
27,cases,pipeline,,2.4849,0.13842
27,cases,pipeline,,2.5233,0.15557
27,cases,pipeline,,2.5616,0.17772
27,cases,pipeline,,2.6,0.198575
27,cases,pipeline,,2.6384,0.208848
27,cases,pipeline,,2.6767,0.206441
27,cases,pipeline,,2.7151,0.195291
27,cases,pipeline,,2.7534,0.175962
27,cases,pipeline,,2.7918,0.155543
27,cases,pipeline,,2.8301,0.140265
27,cases,pipeline,,2.8685,0.138113
27,cases,pipeline,,2.9068,0.153388
27,cases,pipeline,,2.9452,0.179237
27,cases,pipeline,,2.9836,0.201291
27,cases,emulator,,-3.0,0.452174
27,cases,emulator,,-2.9616,0.403173
27,cases,emulator,,-2.9233,0.356781
27,cases,emulator,,-2.8849,0.353148
27,cases,emulator,,-2.8466,0.337002
27,cases,emulator,,-2.8082,0.326949
27,cases,emulator,,-2.7699,0.315466
27,cases,emulator,,-2.7315,0.311085
27,cases,emulator,,-2.6932,0.313414
27,cases,emulator,,-2.6548,0.320725
27,cases,emulator,,-2.6164,0.329536
27,cases,emulator,,-2.5781,0.341008
27,cases,emulator,,-2.5397,0.360417
27,cases,emulator,,-2.5014,0.390495
27,cases,emulator,,-2.463,0.420195
27,cases,emulator,,-2.4247,0.454974
27,cases,emulator,,-2.3863,0.481713
27,cases,emulator,,-2.3479,0.490722
27,cases,emulator,,-2.3096,0.481832
27,cases,emulator,,-2.2712,0.4519
27,cases,emulator,,-2.2329,0.40007
27,cases,emulator,,-2.1945,0.354872
27,cases,emulator,,-2.1562,0.326946
27,cases,emulator,,-2.1178,0.324318
27,cases,emulator,,-2.0795,0.353242
27,cases,emulator,,-2.0411,0.417578
27,cases,emulator,,-2.0027,0.469029
27,cases,emulator,,-1.9644,0.415722
27,cases,emulator,,-1.926,0.368128
27,cases,emulator,,-1.8877,0.361797
27,cases,emulator,,-1.8493,0.355693
27,cases,emulator,,-1.811,0.345944
27,cases,emulator,,-1.7726,0.333602
27,cases,emulator,,-1.7342,0.330177
27,cases,emulator,,-1.6959,0.332574
27,cases,emulator,,-1.6575,0.338058
27,cases,emulator,,-1.6192,0.344486
27,cases,emulator,,-1.5808,0.353576
27,cases,emulator,,-1.5425,0.370539
27,cases,emulator,,-1.5041,0.399658
27,cases,emulator,,-1.4658,0.433283
27,cases,emulator,,-1.4274,0.471281
27,cases,emulator,,-1.389,0.500396
27,cases,emulator,,-1.3507,0.510043
27,cases,emulator,,-1.3123,0.502384
27,cases,emulator,,-1.274,0.475491
27,cases,emulator,,-1.2356,0.42388
27,cases,emulator,,-1.1973,0.376205
27,cases,emulator,,-1.1589,0.348254
27,cases,emulator,,-1.1205,0.345035
27,cases,emulator,,-1.0822,0.374786
27,cases,emulator,,-1.0438,0.439818
27,cases,emulator,,-1.0055,0.495191
27,cases,emulator,,-0.9671,0.443061
27,cases,emulator,,-0.9288,0.383064
27,cases,emulator,,-0.8904,0.374784
27,cases,emulator,,-0.8521,0.369391
27,cases,emulator,,-0.8137,0.361409
27,cases,emulator,,-0.7753,0.350115
27,cases,emulator,,-0.737,0.345833
27,cases,emulator,,-0.6986,0.347069
27,cases,emulator,,-0.6603,0.350775
27,cases,emulator,,-0.6219,0.355451
27,cases,emulator,,-0.5836,0.363081
27,cases,emulator,,-0.5452,0.378798
27,cases,emulator,,-0.5068,0.406993
27,cases,emulator,,-0.4685,0.441498
27,cases,emulator,,-0.4301,0.481675
27,cases,emulator,,-0.3918,0.514552
27,cases,emulator,,-0.3534,0.526882
27,cases,emulator,,-0.3151,0.520752
27,cases,emulator,,-0.2767,0.494981
27,cases,emulator,,-0.2384,0.444073
27,cases,emulator,,-0.2,0.392708
27,cases,emulator,,-0.1616,0.362021
27,cases,emulator,,-0.1233,0.356303
27,cases,emulator,,-0.0849,0.383409
27,cases,emulator,,-0.0466,0.446973
27,cases,emulator,,-0.0082,0.508032
27,cases,emulator,,0.0301,0.336408
27,cases,emulator,,0.0685,0.177965
27,cases,emulator,,0.1068,0.150244
27,cases,emulator,,0.1452,0.143737
27,cases,emulator,,0.1836,0.141111
27,cases,emulator,,0.2219,0.13607
27,cases,emulator,,0.2603,0.130357
27,cases,emulator,,0.2986,0.125125
27,cases,emulator,,0.337,0.121893
27,cases,emulator,,0.3753,0.12207
27,cases,emulator,,0.4137,0.125906
27,cases,emulator,,0.4521,0.132619
27,cases,emulator,,0.4904,0.142495
27,cases,emulator,,0.5288,0.156942
27,cases,emulator,,0.5671,0.173276
27,cases,emulator,,0.6055,0.187021
27,cases,emulator,,0.6438,0.193057
27,cases,emulator,,0.6822,0.187513
27,cases,emulator,,0.7205,0.172832
27,cases,emulator,,0.7589,0.152803
27,cases,emulator,,0.7973,0.133148
27,cases,emulator,,0.8356,0.117442
27,cases,emulator,,0.874,0.114179
27,cases,emulator,,0.9123,0.126188
27,cases,emulator,,0.9507,0.153243
27,cases,emulator,,0.989,0.171749
27,cases,emulator,,1.0274,0.141984
27,cases,emulator,,1.0658,0.099493
27,cases,emulator,,1.1041,0.094178
27,cases,emulator,,1.1425,0.094543
27,cases,emulator,,1.1808,0.091939
27,cases,emulator,,1.2192,0.088599
27,cases,emulator,,1.2575,0.086624
27,cases,emulator,,1.2959,0.086086
27,cases,emulator,,1.3342,0.087352
27,cases,emulator,,1.3726,0.091009
27,cases,emulator,,1.411,0.097078
27,cases,emulator,,1.4493,0.10382
27,cases,emulator,,1.4877,0.113467
27,cases,emulator,,1.526,0.130702
27,cases,emulator,,1.5644,0.151936
27,cases,emulator,,1.6027,0.169153
27,cases,emulator,,1.6411,0.176077
27,cases,emulator,,1.6795,0.17382
27,cases,emulator,,1.7178,0.164637
27,cases,emulator,,1.7562,0.148566
27,cases,emulator,,1.7945,0.130076
27,cases,emulator,,1.8329,0.116082
27,cases,emulator,,1.8712,0.113727
27,cases,emulator,,1.9096,0.125574
27,cases,emulator,,1.9479,0.153978
27,cases,emulator,,1.9863,0.180696
27,cases,emulator,,2.0247,0.156322
27,cases,emulator,,2.063,0.105998
27,cases,emulator,,2.1014,0.103231
27,cases,emulator,,2.1397,0.10761
27,cases,emulator,,2.1781,0.10827
27,cases,emulator,,2.2164,0.107013
27,cases,emulator,,2.2548,0.10723
27,cases,emulator,,2.2932,0.108474
27,cases,emulator,,2.3315,0.110497
27,cases,emulator,,2.3699,0.114633
27,cases,emulator,,2.4082,0.121588
27,cases,emulator,,2.4466,0.128484
27,cases,emulator,,2.4849,0.139197
27,cases,emulator,,2.5233,0.156448
27,cases,emulator,,2.5616,0.178721
27,cases,emulator,,2.6,0.199684
27,cases,emulator,,2.6384,0.21001
27,cases,emulator,,2.6767,0.207597
27,cases,emulator,,2.7151,0.196393
27,cases,emulator,,2.7534,0.176972
27,cases,emulator,,2.7918,0.156463
27,cases,emulator,,2.8301,0.141124
27,cases,emulator,,2.8685,0.138968
27,cases,emulator,,2.9068,0.154327
27,cases,emulator,,2.9452,0.180323
27,cases,emulator,,2.9836,0.202522
